0.999998,-0.000684676,0.00149306,0.00103573
0.999993,-0.00142792,0.00285529,0.00202217
0.999985,-0.00223042,0.00397818,0.00296953
0.999976,-0.00309224,0.00488146,0.00390716
0.999965,-0.00401197,0.0054819,0.0048233
0.999954,-0.00498388,0.00585209,0.00572891
0.999942,-0.00601175,0.00597314,0.0066313
0.999929,-0.00706982,0.00595425,0.00754351
0.999914,-0.00813255,0.00583976,0.00848321
0.999897,-0.0091721,0.00567147,0.00947428
0.999878,-0.010134,0.00547231,0.0105435
0.999857,-0.011026,0.00524789,0.0116835
0.999835,-0.0117892,0.00497806,0.0129236
0.999811,-0.0124059,0.00466068,0.0142467
0.999785,-0.0128225,0.00428004,0.0156998
0.999758,-0.0130727,0.00384427,0.017245
0.999729,-0.0130602,0.00330603,0.0189697
0.999696,-0.0128778,0.00269469,0.0208403
0.999655,-0.0126655,0.00209278,0.0229088
0.999606,-0.0124231,0.00146246,0.025138
0.999545,-0.0120247,0.00100503,0.0276499
0.999468,-0.0117379,0.000337426,0.0304145
0.999373,-0.0116917,-0.000254317,0.0334315
0.999256,-0.0119582,-0.000902704,0.0366441
0.999119,-0.012606,-0.0015991,0.0399931
0.998966,-0.0133806,-0.00232812,0.0433937
0.998797,-0.0142225,-0.00303611,0.046821
0.998616,-0.0151421,-0.00365478,0.0502439
0.998423,-0.0161787,-0.00415712,0.0535894
0.998225,-0.0172595,-0.00448472,0.0568244
0.998021,-0.0183512,-0.00469185,0.059954
0.997812,-0.0195233,-0.00481281,0.0629771
0.997608,-0.0205527,-0.00446257,0.0658513
0.997397,-0.0215041,-0.00393262,0.0687143
0.9972,-0.0221736,-0.00321216,0.0713511
0.997011,-0.0227077,-0.00235901,0.0738153
0.996842,-0.0229908,-0.00125176,0.0760046
0.99669,-0.0230447,-1.22372e-05,0.0779632
0.996553,-0.0230072,0.00113115,0.0796972
0.996444,-0.0224695,0.00231776,0.0811753
0.996355,-0.0217022,0.00333562,0.0824245
0.996295,-0.0206074,0.00419745,0.0833961
0.996251,-0.0193235,0.0050228,0.0841691
0.996223,-0.0183026,0.00579602,0.0846835
0.996205,-0.0173933,0.00667423,0.085025
0.996193,-0.0163511,0.00746091,0.0853058
0.996187,-0.0151011,0.00839981,0.0855126
0.996178,-0.0138326,0.00952993,0.0857145
0.996161,-0.0125954,0.0108939,0.0859443
0.996135,-0.0113428,0.0124283,0.0862104
0.996099,-0.00999299,0.0141419,0.0865233
0.996059,-0.00859117,0.015937,0.0868264
0.996014,-0.00712709,0.017783,0.0871121
0.995969,-0.00561213,0.0196395,0.0873472
0.995922,-0.00408577,0.0214807,0.0875321
0.995878,-0.00256876,0.0232956,0.0876269
0.995837,-0.00112448,0.0250427,0.0876362
0.995806,0.000218173,0.0266495,0.087527
0.995782,0.00148561,0.0281344,0.0873184
0.995774,0.00255537,0.0293434,0.0869904
0.995777,0.00346235,0.0303577,0.086569
0.995797,0.0040796,0.0311104,0.0860486
0.995827,0.00445991,0.031672,0.0854704
0.995867,0.00446525,0.0320003,0.0848867
0.995912,0.00430851,0.0322014,0.0842858
0.995957,0.00390255,0.0322694,0.0837405
0.995998,0.00331288,0.0322814,0.0832815
0.996028,0.00250281,0.0321904,0.0829778
0.996047,0.00153744,0.0321147,0.0828042
0.996048,0.000410277,0.0320576,0.0828227
0.996035,-0.00090997,0.0321403,0.0829526
0.995998,-0.00234762,0.0322965,0.0833003
0.995943,-0.00387874,0.0325191,0.0838124
0.995863,-0.0055574,0.0328473,0.0845344
0.995766,-0.00729671,0.0332191,0.0854054
0.995648,-0.009083,0.0336636,0.0864284
0.995521,-0.0109311,0.0340599,0.087512
0.995385,-0.0128126,0.0345853,0.0885895
0.995242,-0.0146171,0.0352175,0.0896609
0.995087,-0.0161867,0.0361566,0.0907328
0.994936,-0.0174917,0.0368357,0.0918648
0.994795,-0.0183825,0.0374714,0.092952
0.994664,-0.0190377,0.038073,0.0939775
0.994542,-0.0193824,0.038704,0.0949359
0.994429,-0.0194762,0.0393704,0.0958175
0.994333,-0.0191666,0.0400893,0.096581
0.994247,-0.0185414,0.0408635,0.0972576
0.99417,-0.0175135,0.0417423,0.0978568
0.994094,-0.0162102,0.0427507,0.0984165
0.994014,-0.0146098,0.0439568,0.0989509
0.993922,-0.0128202,0.0453596,0.0994843
0.993803,-0.0108461,0.0472318,0.100037
0.993671,-0.00868078,0.0491698,0.100625
0.993517,-0.0063498,0.0511905,0.101306
0.99335,-0.00394435,0.0531788,0.102044
0.99317,-0.00151538,0.0551422,0.102814
0.992986,0.000862173,0.0570242,0.103572
0.992795,0.00317912,0.0588883,0.104305
0.992599,0.00544909,0.0607335,0.105022
0.992399,0.00767455,0.0625531,0.1057
0.992186,0.00987929,0.0643953,0.106406
0.991963,0.0121889,0.0663255,0.107063
0.991736,0.0146077,0.0681925,0.107683
0.991507,0.0171758,0.0699488,0.108291
0.99127,0.0198674,0.0716144,0.108905
0.991027,0.0227274,0.073158,0.109528
0.99078,0.025696,0.0746042,0.110134
0.990534,0.0287633,0.0758746,0.110719
0.990292,0.0318194,0.0769838,0.111277
0.990066,0.0348023,0.0779567,0.111715
0.989851,0.037664,0.0788679,0.112054
0.989655,0.0403005,0.0797021,0.112283
0.98947,0.0427478,0.0804987,0.112432
0.989303,0.0449119,0.0812775,0.112501
0.989152,0.0468112,0.082012,0.112521
0.989029,0.0483206,0.082638,0.112506
0.988932,0.0495076,0.0831553,0.112462
0.988867,0.0503019,0.0835345,0.112402
0.988824,0.0508231,0.0838085,0.112338
0.988806,0.0510315,0.0839611,0.11229
0.988801,0.0510126,0.0840438,0.112279
0.988814,0.0506609,0.0840272,0.112337
0.988841,0.0500218,0.0839236,0.112465
0.988885,0.0490123,0.0837126,0.112681
0.988938,0.0477325,0.083432,0.112967
0.989001,0.0461751,0.0830467,0.113348
0.989062,0.0444928,0.0825742,0.113834
0.989126,0.0427205,0.081919,0.114428
0.989189,0.0409454,0.0811226,0.115096
0.989253,0.0392906,0.0800249,0.115888
0.989316,0.0378055,0.0786673,0.116774
0.989372,0.0366329,0.0769604,0.117802
0.98942,0.0357836,0.0749526,0.118955
0.989453,0.0354833,0.0725216,0.120272
0.989477,0.0357206,0.0696114,0.121708
0.989503,0.0365359,0.0660963,0.123208
0.989521,0.0377568,0.062133,0.124747
0.989521,0.0395595,0.0575337,0.126383
0.989495,0.0417476,0.0524351,0.128094
0.989437,0.0442843,0.0466962,0.129896
0.989333,0.0470029,0.0404686,0.131809
0.989172,0.049886,0.0335933,0.133871
0.988946,0.0527662,0.0263304,0.136045
0.988663,0.0554011,0.0184488,0.138334
0.988308,0.0578952,0.0100092,0.140696
0.987873,0.0600426,0.000824871,0.143181
0.987344,0.0618633,-0.00896287,0.145753
0.986696,0.0633131,-0.019546,0.148459
0.985915,0.0644108,-0.0307501,0.151254
0.984983,0.0649912,-0.0427746,0.154127
0.98388,0.0651469,-0.0554759,0.157028
0.982573,0.064857,-0.0690689,0.159916
0.981033,0.0643484,-0.0833354,0.162751
0.97923,0.0635424,-0.0984089,0.165489
0.977135,0.062621,-0.114093,0.168132
0.974702,0.0615849,-0.130554,0.17064
0.971914,0.0605186,-0.147581,0.173036
0.968696,0.0595124,-0.165368,0.175326
0.965032,0.0586258,-0.183716,0.177553
0.960823,0.0579893,-0.202825,0.179771
0.956063,0.0575732,-0.22249,0.182011
0.95064,0.0574662,-0.242892,0.184348
0.944574,0.0575519,-0.2638,0.186756
0.937765,0.0578159,-0.285349,0.189289
0.930256,0.0581296,-0.307295,0.191873
0.921953,0.0584752,-0.329736,0.194572
0.912908,0.0588052,-0.352423,0.197329
0.903053,0.059135,-0.375397,0.200188
0.892456,0.0594361,-0.398416,0.20311
0.881131,0.0595747,-0.421359,0.206191
0.869136,0.0594703,-0.444159,0.209257
0.856467,0.0591478,-0.466769,0.212351
0.843185,0.0586329,-0.489091,0.215386
0.829433,0.0578741,-0.510923,0.218285
0.815283,0.0569092,-0.53222,0.220947
0.800939,0.055634,-0.552729,0.223367
0.786431,0.0541341,-0.572484,0.225518
0.771913,0.052442,-0.591384,0.227299
0.757392,0.0506373,-0.609483,0.228745
0.743108,0.0486419,-0.626609,0.229751
0.72896,0.0464241,-0.642929,0.230445
0.715238,0.0440901,-0.658257,0.230624
0.701847,0.0417237,-0.672761,0.230352
0.689092,0.0393839,-0.686236,0.229526
0.676813,0.0371314,-0.698883,0.228275
0.665314,0.035036,-0.710479,0.226604
0.654381,0.0330859,-0.721245,0.224715
0.644313,0.0313758,-0.730961,0.222649
0.63487,0.0297947,-0.739863,0.220578
0.626376,0.0284605,-0.747707,0.218579
0.61867,0.0272875,-0.754691,0.216667
0.612042,0.0263596,-0.760636,0.21481
0.606329,0.0255365,-0.765742,0.212962
0.601919,0.0247837,-0.769731,0.211172
0.598524,0.0240384,-0.772877,0.209412
0.596506,0.0232712,-0.77491,0.207734
0.595484,0.0224639,-0.776141,0.206152
0.59572,0.0216009,-0.776351,0.204768
0.596875,0.0206655,-0.775789,0.20363
0.599222,0.0196763,-0.774232,0.202759
0.602417,0.018658,-0.771962,0.202039
0.606745,0.0175716,-0.768744,0.201458
0.611949,0.0164267,-0.764785,0.200877
0.618358,0.0151431,-0.759782,0.20034
0.625666,0.0137464,-0.753955,0.19976
0.634158,0.0122279,-0.747032,0.199091
0.643479,0.0106558,-0.739245,0.198336
0.653848,0.00904146,-0.730353,0.19745
0.664859,0.00740054,-0.720625,0.196488
0.676652,0.0057733,-0.709868,0.195439
0.688879,0.00417548,-0.698328,0.194337
0.701634,0.00266191,-0.685831,0.193232
0.714627,0.00123107,-0.672605,0.192116
0.727902,-6.58555e-05,-0.658534,0.191031
0.74123,-0.00121029,-0.643809,0.189964
0.754654,-0.00216236,-0.628336,0.188906
0.768023,-0.00301798,-0.612258,0.187808
0.781392,-0.00379565,-0.595476,0.186602
0.794672,-0.00457789,-0.578081,0.185198
0.807949,-0.00546674,-0.559939,0.183459
0.821113,-0.00646585,-0.541142,0.181378
0.834258,-0.00760361,-0.521514,0.178826
0.847256,-0.00881597,-0.501155,0.175851
0.860205,-0.0101256,-0.479855,0.172291
0.872953,-0.011529,-0.457735,0.168221
0.885595,-0.0131136,-0.434551,0.163449
0.897941,-0.0148453,-0.410471,0.158096
0.910035,-0.0167689,-0.385283,0.152027
0.92167,-0.0188219,-0.359192,0.145436
0.932846,-0.0209996,-0.332027,0.138261
0.943372,-0.0232247,-0.30402,0.130698
0.953217,-0.0254873,-0.275066,0.122748
0.962233,-0.0277737,-0.245397,0.114528
0.970375,-0.0301509,-0.214988,0.106032
0.977536,-0.0326307,-0.184071,0.0973454
0.983665,-0.0352718,-0.152732,0.088497
0.988703,-0.0380168,-0.121199,0.0795733
0.992622,-0.0408189,-0.0896625,0.070675
0.995426,-0.0436236,-0.0582844,0.0618593
0.99713,-0.0462742,-0.0274651,0.0532645
0.997799,-0.048713,0.00269781,0.0449098
0.99752,-0.0508173,0.031679,0.0369822
0.996413,-0.0525012,0.0594826,0.0294428
0.994653,-0.053465,0.0854557,0.0224589
0.99237,-0.0537623,0.109811,0.0159123
0.989816,-0.0531025,0.131694,0.0100095
0.987078,-0.0517068,0.151599,0.00462773
0.984432,-0.0493433,0.168697,-2.70916e-05
0.981914,-0.0461727,0.183565,-0.00409711
0.979753,-0.0421544,0.195583,-0.00736888
0.977871,-0.0376325,0.205551,-0.00999747
0.976443,-0.0327735,0.21295,-0.0116872
0.975374,-0.0278146,0.218432,-0.0126346
0.974787,-0.023128,0.22158,-0.0125692
0.974514,-0.0189436,0.223216,-0.0117931
0.974628,-0.015434,0.223071,-0.010091
0.974991,-0.0124883,0.221755,-0.00777371
0.975656,-0.0101908,0.219017,-0.0047163
0.976501,-0.00830645,0.215349,-0.00110627
0.977509,-0.00705376,0.210753,0.0029937
0.978641,-0.00617502,0.205351,0.0074534
0.979909,-0.00590807,0.198977,0.0123319
0.981238,-0.00598881,0.191916,0.0174508
0.982641,-0.00643332,0.184005,0.022761
0.984053,-0.00708838,0.175498,0.0281153
0.985489,-0.00788496,0.16624,0.0333797
0.986897,-0.00868472,0.156447,0.0385034
0.988295,-0.00936102,0.145968,0.0433463
0.989642,-0.00978817,0.134964,0.0479317
0.990947,-0.00984872,0.123337,0.0521152
0.99217,-0.00958743,0.111246,0.0559594
0.99332,-0.00889033,0.0985807,0.059316
0.994362,-0.0078939,0.0854782,0.0622582
0.9953,-0.0065894,0.071822,0.0646262
0.996094,-0.00513237,0.0577797,0.0665769
0.996738,-0.00346903,0.0432829,0.0680279
0.997196,-0.00162948,0.028522,0.0691667
0.997465,0.000302053,0.0134401,0.0698831
0.997515,0.00217878,-0.00199153,0.0703977
0.997321,0.00384162,-0.0179455,0.0708077
0.996857,0.00525494,-0.0343269,0.071211
0.996087,0.0062546,-0.0513293,0.0716716
0.994989,0.00691145,-0.0688286,0.0721988
0.993514,0.00715016,-0.0870427,0.0728211
0.991644,0.00701282,-0.105789,0.0735043
0.989316,0.00656544,-0.125267,0.0742943
0.986514,0.00588166,-0.145272,0.0751747
0.983175,0.00496191,-0.165959,0.0761613
0.979301,0.00396878,-0.187069,0.0771939
0.97483,0.00299621,-0.208738,0.0782697
0.969761,0.00208436,-0.230774,0.0793833
0.964007,0.00136146,-0.253392,0.080506
0.957586,0.000976278,-0.276368,0.0815338
0.950472,0.000986762,-0.299681,0.0824248
0.942683,0.00132403,-0.323155,0.0831689
0.934186,0.00211868,-0.346838,0.0836405
0.925017,0.00328038,-0.370542,0.0838571
0.91516,0.00500179,-0.394264,0.0837413
0.904645,0.00716334,-0.417868,0.0833833
0.893458,0.00992699,-0.441333,0.082821
0.881626,0.0131326,-0.464557,0.0821626
0.86915,0.0168308,-0.487493,0.0815256
0.856064,0.020831,-0.510064,0.0809679
0.842413,0.0250926,-0.532179,0.0806053
0.82824,0.0294204,-0.553793,0.0804098
0.813668,0.0337045,-0.574751,0.0804331
0.798738,0.0378265,-0.595048,0.0806483
0.783626,0.0418014,-0.614502,0.0810596
0.768354,0.0456174,-0.633162,0.0815939
0.753157,0.0491989,-0.650823,0.082236
0.73802,0.0526035,-0.667597,0.082905
0.723255,0.0557904,-0.683226,0.083611
0.708798,0.0587812,-0.697884,0.0843055
0.695018,0.0615264,-0.711305,0.0849019
0.681768,0.0640766,-0.723739,0.0853709
0.669396,0.066428,-0.734956,0.0856545
0.657654,0.0686687,-0.745256,0.0858508
0.646753,0.0708312,-0.754511,0.0860617
0.636396,0.0729568,-0.763035,0.0863371
0.62669,0.0750614,-0.77077,0.0868241
0.617415,0.0771717,-0.777936,0.0875162
0.608591,0.0792769,-0.784535,0.0885307
0.600048,0.0813089,-0.790746,0.0897354
0.591966,0.0832013,-0.796465,0.0910944
0.584261,0.0849527,-0.801789,0.0924977
0.57714,0.0865136,-0.806601,0.0939099
0.570487,0.0878947,-0.811007,0.095326
0.564507,0.0890218,-0.81489,0.0967603
0.559041,0.0899084,-0.81838,0.0982072
0.554276,0.0905066,-0.82137,0.0996899
0.550112,0.090845,-0.823938,0.101241
0.54664,0.090885,-0.826045,0.102833
0.543694,0.0907339,-0.827808,0.104395
0.541506,0.0903563,-0.829098,0.105843
0.539938,0.0898464,-0.830014,0.107107
0.539324,0.0890928,-0.83038,0.107988
0.539488,0.088135,-0.830301,0.108561
0.540805,0.086896,-0.829553,0.108726
0.543143,0.0854319,-0.828196,0.108571
0.546793,0.0836828,-0.826056,0.107916
0.551589,0.0816814,-0.823202,0.106847
0.557953,0.0792925,-0.819347,0.105219
0.565485,0.0765939,-0.814689,0.10316
0.574665,0.0734089,-0.808869,0.100507
0.585053,0.0698143,-0.802091,0.0974168
0.597092,0.0656853,-0.793964,0.0937411
0.610282,0.0611684,-0.784715,0.0896479
0.624942,0.0562138,-0.773977,0.0851361
0.640522,0.0510106,-0.76201,0.0804391
0.65724,0.0456352,-0.748484,0.0756615
0.674564,0.0402399,-0.733697,0.0709447
0.692601,0.0349778,-0.7174,0.0664714
0.710905,0.0299226,-0.699886,0.0622721
0.729499,0.0252127,-0.681007,0.0585213
0.748024,0.0207721,-0.661052,0.0551236
0.766446,0.0167236,-0.639963,0.0522245
0.784507,0.013002,-0.617987,0.0497196
0.802156,0.00979611,-0.595124,0.0477159
0.819237,0.00699447,-0.571561,0.046044
0.835674,0.00471005,-0.547375,0.0447951
0.851393,0.00275687,-0.522688,0.0438174
0.866345,0.00117948,-0.497574,0.0431874
0.880513,-0.000166466,-0.472087,0.0427953
0.893862,-0.00131937,-0.446303,0.0426796
0.906413,-0.00238934,-0.420219,0.0427277
0.918144,-0.00342559,-0.393897,0.0429586
0.929081,-0.00451363,-0.367309,0.0432727
0.939231,-0.00572333,-0.340456,0.0436188
0.948608,-0.00709272,-0.313309,0.0439284
0.957223,-0.00873995,-0.285833,0.0441299
0.965067,-0.0106042,-0.258026,0.0442199
0.972145,-0.0127608,-0.229835,0.0441189
0.978428,-0.0151382,-0.201314,0.0438392
0.983904,-0.0177636,-0.172455,0.0433219
0.988537,-0.0205564,-0.143368,0.0426319
0.99231,-0.0235087,-0.114135,0.0417367
0.995207,-0.0265531,-0.0848579,0.040706
0.997225,-0.029538,-0.0557505,0.0395206
0.998382,-0.0323703,-0.0269307,0.0382228
0.998714,-0.0348514,0.0012396,0.0368106
0.998279,-0.0369708,0.0287228,0.035326
0.997167,-0.038552,0.0550488,0.0337983
0.99546,-0.0396386,0.0802916,0.0322563
0.993313,-0.0400009,0.103848,0.0307523
0.99081,-0.039755,0.125925,0.0293091
0.988159,-0.0386997,0.145812,0.0280033
0.985416,-0.037012,0.163907,0.0268327
0.982825,-0.0345126,0.179422,0.0259072
0.980398,-0.031387,0.192872,0.0252035
0.978373,-0.0275436,0.203497,0.0248543
0.976684,-0.0232786,0.211971,0.0248082
0.97553,-0.0186195,0.217623,0.0251987
0.974786,-0.0137887,0.221202,0.0259383
0.974599,-0.00891345,0.222127,0.0271407
0.974812,-0.00410058,0.221138,0.0286772
0.97553,0.000565183,0.217728,0.0306001
0.976573,0.00507143,0.212617,0.0327651
0.977997,0.00925999,0.205421,0.0351958
0.97963,0.0131403,0.196784,0.0377948
0.9815,0.0165435,0.186378,0.0405902
0.983462,0.0196124,0.174711,0.0435095
0.985532,0.0222414,0.161452,0.0465339
0.987582,0.0245442,0.147039,0.0495933
0.989607,0.0264808,0.131163,0.0526642
0.99149,0.0282248,0.11421,0.0557391
0.993207,0.0297068,0.0959204,0.0587983
0.994654,0.0309938,0.0766812,0.0618227
0.995794,0.032052,0.0563105,0.0647762
0.996544,0.0329565,0.0351813,0.0676459
0.996865,0.0337021,0.0131332,0.0703658
0.996713,0.0341417,-0.0093326,0.072876
0.996054,0.0343763,-0.0322924,0.0751741
0.99487,0.0344193,-0.0554205,0.0773179
0.993168,0.0341627,-0.07858,0.079222
0.990954,0.0336702,-0.101628,0.0809208
0.98826,0.0329057,-0.124392,0.0823764
0.985097,0.0319779,-0.146859,0.0836296
0.981512,0.0308226,-0.168859,0.0846773
0.977515,0.0295635,-0.190442,0.0855717
0.973148,0.0282314,-0.211526,0.0862744
0.968394,0.0269661,-0.232258,0.0868497
0.963299,0.0256436,-0.252528,0.0873313
0.957779,0.0242584,-0.272695,0.0877956
0.951847,0.0229652,-0.292745,0.0880942
0.945477,0.0217621,-0.312742,0.0882762
0.938598,0.0206127,-0.332872,0.088345
0.931178,0.0194623,-0.353171,0.0883104
0.923112,0.0183469,-0.373844,0.0881381
0.914396,0.0172759,-0.394802,0.0878189
0.904925,0.0162882,-0.416204,0.0872899
0.894728,0.0153765,-0.437871,0.0865764
0.883686,0.0145466,-0.459943,0.085672
0.871852,0.0137727,-0.482203,0.0846518
0.859123,0.0130712,-0.504731,0.0835683
0.845561,0.0124678,-0.527319,0.0824966
0.831107,0.0120469,-0.549968,0.0815621
0.815839,0.0117722,-0.572485,0.0807958
0.799757,0.0116645,-0.594811,0.0803297
0.782978,0.0116891,-0.616759,0.0801063
0.765607,0.011806,-0.638176,0.0802343
0.747769,0.0118794,-0.658948,0.0805467
0.729704,0.0118568,-0.678842,0.0810266
0.711481,0.0117707,-0.697857,0.0815527
0.693374,0.0116325,-0.715782,0.0821714
0.675328,0.0115506,-0.732755,0.0828773
0.657586,0.0115929,-0.748622,0.0837291
0.640014,0.0117993,-0.763595,0.0846486
0.622821,0.0122915,-0.777554,0.0857439
0.605869,0.0130229,-0.790695,0.0869158
0.589456,0.0140941,-0.802857,0.088117
0.573497,0.0153773,-0.814193,0.0891853
0.558359,0.0169284,-0.824538,0.0899203
0.543899,0.0186919,-0.834066,0.090322
0.530528,0.0207545,-0.842596,0.0902334
0.518007,0.0230364,-0.850335,0.089823
0.506756,0.0255961,-0.857092,0.0890846
0.49648,0.0283183,-0.863088,0.0882295
0.487621,0.0310728,-0.868109,0.0874452
0.479836,0.0338479,-0.872408,0.0867009
0.473625,0.0365847,-0.875752,0.0860243
0.468692,0.0392306,-0.878349,0.0853952
0.465606,0.0416432,-0.879935,0.0848047
0.463991,0.0437933,-0.88074,0.0842127
0.46439,0.0455097,-0.880502,0.083585
0.46628,0.0468419,-0.879495,0.0829345
0.470122,0.0476156,-0.877463,0.0823185
0.47536,0.0479532,-0.87467,0.081765
0.4824,0.0476938,-0.870864,0.0813065
0.490749,0.0469792,-0.866263,0.080911
0.500821,0.0456174,-0.860588,0.0805384
0.512142,0.0437643,-0.854034,0.0801272
0.525064,0.0412444,-0.846325,0.0796268
0.539067,0.0382057,-0.837671,0.0790824
0.554467,0.0345148,-0.827775,0.0785142
0.570772,0.0303934,-0.816837,0.0779283
0.588199,0.0258497,-0.804595,0.0773308
0.60625,0.0210948,-0.791281,0.076751
0.625064,0.0162106,-0.776667,0.0762918
0.64424,0.0113708,-0.760959,0.0759445
0.663842,0.00677762,-0.743991,0.0758028
0.683482,0.0024887,-0.726011,0.075856
0.703152,-0.00126926,-0.706938,0.0762542
0.722589,-0.00456058,-0.686971,0.0769115
0.741765,-0.00714928,-0.666083,0.0778882
0.760516,-0.00921064,-0.644428,0.0790133
0.778848,-0.0106044,-0.621967,0.0802552
0.796672,-0.0115639,-0.598786,0.0814584
0.81402,-0.0120365,-0.574822,0.0824984
0.830825,-0.0122364,-0.550126,0.0833155
0.84712,-0.0122168,-0.524616,0.0837628
0.862822,-0.0121226,-0.498358,0.0838539
0.877957,-0.0120684,-0.471256,0.0834485
0.892414,-0.0121806,-0.443418,0.0826391
0.906221,-0.0125821,-0.414727,0.0812825
0.919274,-0.0132456,-0.385281,0.0794872
0.931564,-0.0142979,-0.355009,0.0771478
0.942965,-0.015661,-0.324089,0.0744157
0.953436,-0.0174796,-0.292542,0.0712235
0.96287,-0.0196281,-0.260591,0.0677314
0.971207,-0.0221172,-0.228431,0.0639298
0.978412,-0.0247184,-0.196231,0.059931
0.984455,-0.0274279,-0.164276,0.0557685
0.989356,-0.0300478,-0.132731,0.0515253
0.993119,-0.0324943,-0.102097,0.0472805
0.995841,-0.0347626,-0.0723561,0.0431018
0.997578,-0.0367244,-0.044226,0.0391567
0.998481,-0.0382752,-0.0177147,0.0354613
0.998676,-0.0395371,0.00652747,0.0322529
0.998329,-0.0405468,0.028745,0.0294845
0.997628,-0.041125,0.0479204,0.0273923
0.99672,-0.0412915,0.064616,0.0258582
0.995812,-0.0408959,0.0778069,0.0251404
0.994972,-0.0401009,0.0882801,0.025073
0.994377,-0.0388097,0.0950647,0.0259121
0.994003,-0.037231,0.0990914,0.0274263
0.993962,-0.0353229,0.0995135,0.0298296
0.994155,-0.0331812,0.0973366,0.0328668
0.994616,-0.0308072,0.0918995,0.0366782
0.995201,-0.028351,0.0842048,0.0409967
0.995876,-0.0259081,0.0738387,0.0458984
0.996498,-0.0236045,0.0617822,0.0511675
0.996998,-0.0216775,0.0479859,0.0567623
0.997288,-0.020198,0.0332827,0.0624664
0.997322,-0.0195309,0.0181594,0.0681041
0.997094,-0.0196934,0.0032307,0.0735194
0.996641,-0.0214092,-0.0106458,0.0783215
0.996031,-0.0244208,-0.0230491,0.0824256
0.995354,-0.0290433,-0.0333199,0.0855362
0.994631,-0.0343669,-0.0420959,0.0880716
0.993922,-0.0401267,-0.0490783,0.0899991
0.993236,-0.0459006,-0.0548364,0.0914743
0.992639,-0.0514468,-0.0591626,0.0923069
0.992118,-0.0566572,-0.0625698,0.0926076
0.991724,-0.0611359,-0.0650847,0.0922452
0.991417,-0.0648587,-0.0672242,0.0914698
0.991204,-0.067491,-0.0692845,0.0903248
0.991038,-0.0691868,-0.0716373,0.089024
0.990899,-0.0695918,-0.0747753,0.0876582
0.990752,-0.0690266,-0.0787106,0.0863196
0.990542,-0.0672595,-0.0839839,0.0851439
0.990238,-0.0646553,-0.0903629,0.0841649
0.989752,-0.0610735,-0.0983812,0.083557
0.989057,-0.0568431,-0.107675,0.083308
0.98803,-0.051975,-0.118741,0.0836439
0.986648,-0.0468184,-0.131158,0.0844526
0.984772,-0.0415412,-0.145325,0.0859016
0.982415,-0.0363553,-0.160754,0.0877357
0.979429,-0.0318185,-0.177756,0.0900512
0.975863,-0.0279053,-0.195781,0.0926462
0.971599,-0.0251258,-0.215052,0.0954813
0.966707,-0.0232858,-0.235068,0.0983784
0.961106,-0.0228067,-0.255942,0.101235
0.954857,-0.0233142,-0.277297,0.10398
0.947917,-0.0250222,-0.299141,0.106498
0.940355,-0.0275202,-0.321162,0.10877
0.93219,-0.0309437,-0.343246,0.110666
0.923487,-0.0349377,-0.365176,0.112239
0.914313,-0.0395102,-0.386795,0.113406
0.904684,-0.044326,-0.408066,0.114302
0.894596,-0.0492922,-0.429005,0.114991
0.88407,-0.0542521,-0.44958,0.115566
0.873142,-0.0587629,-0.469797,0.116024
0.8618,-0.0628096,-0.489687,0.116459
0.850081,-0.066097,-0.509238,0.116921
0.837986,-0.0687698,-0.528461,0.117382
0.825594,-0.070587,-0.547281,0.117881
0.812916,-0.0717812,-0.565688,0.118373
0.800058,-0.072163,-0.58359,0.118835
0.78703,-0.0719616,-0.60099,0.119232
0.773958,-0.0710327,-0.617785,0.119517
0.760799,-0.0695818,-0.634053,0.119666
0.747679,-0.0675194,-0.649697,0.119626
0.734504,-0.0649855,-0.664842,0.119441
0.721347,-0.0618413,-0.679441,0.119137
0.70814,-0.0582739,-0.69357,0.118757
0.694977,-0.0542159,-0.707157,0.118309
0.681789,-0.0498745,-0.720273,0.117826
0.668679,-0.0452685,-0.732831,0.11738
0.655595,-0.0405613,-0.744893,0.116981
0.642701,-0.0358763,-0.756327,0.116696
0.629997,-0.0313254,-0.767175,0.116472
0.617778,-0.0271315,-0.777233,0.116294
0.60603,-0.0232935,-0.786577,0.11611
0.595148,-0.0200057,-0.794961,0.115908
0.585003,-0.0171474,-0.802554,0.115693
0.57594,-0.014859,-0.80915,0.115539
0.567715,-0.0129585,-0.814982,0.115477
0.560656,-0.0115276,-0.819866,0.11555
0.554511,-0.0103764,-0.824026,0.115721
0.549619,-0.00951546,-0.827267,0.116005
0.54569,-0.00880026,-0.829825,0.116339
0.543038,-0.00822439,-0.831513,0.116738
0.541338,-0.00770306,-0.832568,0.117153
0.540878,-0.00726494,-0.832812,0.117565
0.541328,-0.00687745,-0.832467,0.117964
0.542939,-0.00656932,-0.831365,0.118346
0.545405,-0.0063295,-0.829703,0.118686
0.549042,-0.00617758,-0.827269,0.118915
0.553649,-0.00608377,-0.824186,0.118966
0.559654,-0.00612888,-0.820154,0.118731
0.56675,-0.00634883,-0.815341,0.118214
0.575386,-0.00683628,-0.809383,0.117401
0.585142,-0.00750204,-0.802509,0.116326
0.596422,-0.0084037,-0.794352,0.114956
0.608786,-0.00941622,-0.785138,0.113355
0.622172,-0.0105109,-0.774822,0.111549
0.636917,-0.0116725,-0.763026,0.109504
0.652549,-0.0128392,-0.750005,0.107276
0.669344,-0.0139879,-0.735394,0.104779
0.687227,-0.0151107,-0.719088,0.101999
0.705687,-0.0161793,-0.701391,0.0989755
0.724618,-0.0171633,-0.682256,0.0957118
0.744192,-0.0180085,-0.661335,0.0921437
0.764217,-0.0186647,-0.638616,0.0882788
0.784256,-0.019161,-0.614399,0.0841959
0.804152,-0.0194734,-0.588704,0.0799198
0.823918,-0.0195677,-0.561325,0.0754407
0.843177,-0.019507,-0.532597,0.0707928
0.861902,-0.0192703,-0.502399,0.0659417
0.879793,-0.0188906,-0.471059,0.0609129
0.896798,-0.0182958,-0.438538,0.0557101
0.912703,-0.0175232,-0.405129,0.0503761
0.927383,-0.0165536,-0.371035,0.0449434
0.940718,-0.0154216,-0.336533,0.0394619
0.952625,-0.0140519,-0.301925,0.0339102
0.963081,-0.0125294,-0.267423,0.0283206
0.972021,-0.0107838,-0.233539,0.0227857
0.979551,-0.0087803,-0.200257,0.0173078
0.98565,-0.00643836,-0.168252,0.012027
0.990479,-0.00377389,-0.13743,0.0070099
0.994081,-0.000729852,-0.108609,0.00242369
0.996666,0.00261292,-0.0815306,-0.00176751
0.998333,0.00636679,-0.0571183,-0.00537184
0.999302,0.0103544,-0.0348864,-0.00848702
0.999709,0.0145751,-0.0158097,-0.0108873
0.99974,0.0188946,0.000828837,-0.0127171
0.999536,0.0232831,0.014062,-0.0136911
0.999213,0.0276831,0.0247225,-0.0139765
0.998886,0.0320141,0.0320375,-0.0132673
0.998591,0.0361984,0.0369752,-0.0117891
0.998397,0.0399565,0.0389901,-0.00928389
0.998285,0.0431986,0.0390337,-0.00604355
0.998278,0.0456035,0.0368426,-0.00194387
0.998321,0.0472917,0.0333338,0.00269682
0.998413,0.047902,0.0285288,0.00788731
0.99851,0.0476211,0.0230614,0.0133573
0.99861,0.0460751,0.0170944,0.0190277
0.998685,0.0435573,0.0110354,0.0246797
0.998743,0.0397651,0.00513467,0.0300803
0.998769,0.03501,-0.000474655,0.0351403
0.998776,0.0290823,-0.00559817,0.0396163
0.998747,0.0224058,-0.0102974,0.0435493
0.998695,0.0149165,-0.014373,0.0466724
0.998605,0.00699546,-0.0179744,0.0491596
0.99849,-0.00116894,-0.0209291,0.0507782
0.99834,-0.00926769,-0.0234294,0.0517903
0.998175,-0.0169966,-0.0253875,0.0520881
0.99799,-0.0242121,-0.0270208,0.0519552
0.997812,-0.0303886,-0.0283827,0.0514119
0.997639,-0.0355767,-0.0297009,0.0506753
0.997502,-0.0392168,-0.0311586,0.0497992
0.997394,-0.0415982,-0.0329167,0.0489097
0.997319,-0.0422553,-0.0353671,0.0481595
0.997249,-0.0416652,-0.0386057,0.0476253
0.997156,-0.0394754,-0.0431805,0.0475148
0.996996,-0.0362292,-0.049005,0.0477942
0.9967,-0.0318373,-0.0566655,0.0486307
0.996227,-0.026799,-0.0657786,0.0498638
0.995496,-0.0212464,-0.076694,0.0515261
0.994488,-0.015484,-0.0888451,0.0534815
0.993104,-0.00982831,-0.102694,0.0556996
0.99132,-0.00450642,-0.117892,0.0580237
0.989056,3.94868e-05,-0.134591,0.0604414
0.986319,0.00386512,-0.152349,0.0628467
0.983031,0.00667419,-0.17133,0.0652082
0.97921,0.00865481,-0.191095,0.0674919
0.974794,0.00947469,-0.211748,0.0696357
0.969819,0.0094114,-0.232877,0.0716351
0.964244,0.00823382,-0.254511,0.073414
0.958101,0.00631713,-0.276362,0.0750125
0.951369,0.00357261,-0.298414,0.0763701
0.944055,0.000356746,-0.320542,0.0775451
0.936145,-0.00327844,-0.342719,0.0785183
0.927642,-0.00711221,-0.36487,0.0793748
0.918522,-0.0108672,-0.387011,0.0801403
0.908798,-0.0143803,-0.409071,0.0808733
0.898445,-0.0173813,-0.431078,0.0816508
0.887495,-0.0199142,-0.452942,0.0824614
0.875971,-0.0217631,-0.474615,0.0833129
0.86392,-0.0231067,-0.496012,0.0841446
0.851395,-0.0237885,-0.517063,0.0848945
0.838407,-0.0239807,-0.537753,0.0855579
0.824986,-0.0235374,-0.558065,0.0860626
0.811123,-0.0226347,-0.578016,0.0864032
0.796848,-0.0211021,-0.597588,0.0864663
0.782165,-0.0190723,-0.616779,0.0862443
0.767143,-0.0164269,-0.63552,0.085649
0.751784,-0.0133593,-0.653802,0.0847699
0.736179,-0.00981915,-0.671538,0.0835496
0.720336,-0.0059757,-0.688724,0.0820986
0.704382,-0.00182752,-0.705249,0.0804183
0.688283,0.0024651,-0.721163,0.0786375
0.672155,0.00687696,-0.736373,0.076903
0.655913,0.0113571,-0.750981,0.0753506
0.639637,0.0159058,-0.764916,0.0742618
0.623305,0.0204892,-0.778234,0.0736434
0.607086,0.0250393,-0.790809,0.0737599
0.590966,0.0295076,-0.802712,0.0744409
0.575171,0.0337947,-0.813802,0.0759104
0.559626,0.0379105,-0.824199,0.0779556
0.544633,0.041787,-0.83374,0.0806676
0.530095,0.0453609,-0.84258,0.0836729
0.516185,0.0485404,-0.850663,0.0870062
0.50275,0.0513993,-0.858144,0.0904902
0.490001,0.0538566,-0.864961,0.0940248
0.47776,0.0560348,-0.871265,0.0974847
0.46627,0.0578615,-0.876984,0.100712
0.455372,0.0594441,-0.882243,0.103679
0.445358,0.0607306,-0.886953,0.106216
0.436046,0.0617944,-0.891234,0.108388
0.427765,0.0625723,-0.894977,0.110083
0.420312,0.0631294,-0.898298,0.11142
0.414071,0.0633949,-0.901062,0.112307
0.408812,0.0634549,-0.903386,0.11287
0.404947,0.0632514,-0.905116,0.113057
0.402186,0.0628667,-0.906379,0.113009
0.400967,0.0622543,-0.907004,0.112669
0.40098,0.0614741,-0.907116,0.112146
0.402752,0.060459,-0.906493,0.111379
0.405943,0.0592572,-0.905262,0.110454
0.411124,0.0578001,-0.903152,0.10933
0.41785,0.0561533,-0.900313,0.108101
0.426646,0.0542669,-0.896451,0.10679
0.436932,0.0522341,-0.89176,0.10548
0.449104,0.050067,-0.885966,0.10423
0.46256,0.0478433,-0.879282,0.103019
0.47763,0.0455386,-0.871445,0.101881
0.4938,0.0431987,-0.862644,0.100702
0.511387,0.0408192,-0.852606,0.0993971
0.529891,0.0383514,-0.841519,0.0979351
0.549568,0.0357214,-0.829123,0.0961919
0.56997,0.032905,-0.815581,0.0942257
0.591293,0.0298081,-0.800639,0.0919802
0.613057,0.0264749,-0.784503,0.0895339
0.635405,0.0228445,-0.766933,0.0869055
0.657889,0.0190044,-0.748155,0.0841663
0.680552,0.0149758,-0.728018,0.0813266
0.703045,0.010874,-0.706729,0.0783778
0.72536,0.00678538,-0.684204,0.0753132
0.747218,0.0027646,-0.660647,0.072135
0.768593,-0.00107496,-0.636025,0.0688187
0.789308,-0.00475352,-0.610491,0.0653545
0.809331,-0.00819515,-0.584048,0.0616821
0.828543,-0.0114726,-0.556817,0.0577869
0.846925,-0.014553,-0.528804,0.0535944
0.864395,-0.0175132,-0.500098,0.0491668
0.880895,-0.0203836,-0.470778,0.0444586
0.896366,-0.0232014,-0.440937,0.0395587
0.91073,-0.026017,-0.410741,0.0344473
0.92396,-0.0288428,-0.38028,0.0291993
0.935995,-0.0317228,-0.34977,0.0238126
0.946853,-0.0346491,-0.319267,0.018364
0.956474,-0.0376084,-0.289096,0.0129081
0.964925,-0.0405581,-0.259266,0.0075225
0.972161,-0.0434369,-0.230239,0.00235506
0.978296,-0.0461954,-0.201982,-0.00254909
0.983323,-0.0487113,-0.175082,-0.00699344
0.987403,-0.0509874,-0.149382,-0.0110053
0.990566,-0.0528486,-0.125615,-0.0143596
0.993001,-0.0543398,-0.10345,-0.0171696
0.994776,-0.0552644,-0.083657,-0.0192034
0.996065,-0.0557356,-0.0657409,-0.0206184
0.996956,-0.0555607,-0.0504278,-0.0211853
0.99758,-0.0548966,-0.0370933,-0.0210895
0.998012,-0.0535823,-0.0264156,-0.0200877
0.998333,-0.0517846,-0.0176532,-0.0183961
0.998591,-0.049395,-0.0113128,-0.0157706
0.998813,-0.0466198,-0.00669157,-0.0124448
0.999011,-0.0434913,-0.00427666,-0.00823324
0.999178,-0.0402481,-0.00340043,-0.00343378
0.999299,-0.0371258,-0.00429304,0.0019624
0.999365,-0.0342663,-0.00620693,0.00760629
0.999356,-0.0320754,-0.00910194,0.0132809
0.999279,-0.0305457,-0.0124761,0.0188029
0.999132,-0.0300369,-0.0161301,0.0239312
0.998935,-0.0303261,-0.0197572,0.0286344
0.998699,-0.0316748,-0.0230758,0.032628
0.998442,-0.033762,-0.0260041,0.0360265
0.998178,-0.036735,-0.0283081,0.0386038
0.997911,-0.0402401,-0.0301493,0.0405747
0.997653,-0.044279,-0.0313761,0.0417613
0.997401,-0.0485726,-0.0321879,0.0423748
0.997171,-0.0529155,-0.0325644,0.0423143
0.996956,-0.057083,-0.0327397,0.041813
0.996778,-0.0607024,-0.032839,0.040863
0.996632,-0.0636962,-0.033066,0.0396851
0.996538,-0.0655765,-0.0337385,0.0383922
0.996481,-0.0664879,-0.0349934,0.0371521
0.996465,-0.0659946,-0.0373358,0.0361614
0.996459,-0.0644364,-0.0407305,0.0354706
0.996427,-0.0615399,-0.0458129,0.0353031
0.996322,-0.0577726,-0.052313,0.0356081
0.996063,-0.0530861,-0.0608655,0.0365533
0.995599,-0.0479518,-0.0710084,0.0379688
0.99482,-0.0425841,-0.0832162,0.0399313
0.993699,-0.037178,-0.0969363,0.042222
0.992121,-0.0320858,-0.112485,0.0448679
0.990069,-0.0274111,-0.129358,0.0477406
0.98741,-0.0234783,-0.147928,0.0508631
0.984162,-0.0201416,-0.167618,0.0540672
0.980228,-0.0176936,-0.188569,0.05729
0.975642,-0.0159716,-0.210267,0.0604658
0.970334,-0.0152417,-0.232777,0.0635099
0.964346,-0.0152549,-0.255721,0.0664114
0.957639,-0.0161679,-0.279085,0.0691212
0.950249,-0.0176753,-0.302617,0.0716816
0.942155,-0.0197809,-0.326281,0.0741129
0.933396,-0.0222184,-0.349892,0.0765033
0.923978,-0.0248899,-0.37339,0.078894
0.913945,-0.0275912,-0.396648,0.0813201
0.903343,-0.0301094,-0.41957,0.0838268
0.892203,-0.0323581,-0.442107,0.0864195
0.880607,-0.0340617,-0.464144,0.08912
0.868582,-0.0352534,-0.485678,0.0918611
0.856217,-0.0356539,-0.506614,0.0946712
0.843462,-0.0353913,-0.527071,0.0975477
0.83033,-0.0341781,-0.547056,0.100571
0.816765,-0.0322085,-0.566657,0.103717
0.802776,-0.0292522,-0.585868,0.107021
0.78836,-0.0255964,-0.604691,0.110376
0.77358,-0.0211965,-0.623048,0.113731
0.75847,-0.0163663,-0.640919,0.116958
0.743146,-0.0111798,-0.658208,0.119878
0.727641,-0.00584863,-0.674913,0.122461
0.712122,-0.000446333,-0.690919,0.124554
0.696535,0.00496744,-0.706307,0.126275
0.681018,0.010347,-0.72099,0.127594
0.665515,0.0156637,-0.735042,0.128677
0.650212,0.0208694,-0.748332,0.129567
0.635073,0.0259448,-0.760924,0.130398
0.620345,0.0308085,-0.77265,0.13128
0.60609,0.0354602,-0.783518,0.132274
0.59253,0.0397353,-0.79342,0.13347
0.579557,0.0436444,-0.802504,0.134893
0.56754,0.0470474,-0.81057,0.136607
0.556281,0.0500605,-0.817833,0.138547
0.546126,0.0525508,-0.824117,0.140772
0.53679,0.0546733,-0.829677,0.143188
0.528598,0.0563341,-0.83435,0.145844
0.521262,0.0576714,-0.838371,0.148638
0.515125,0.0585663,-0.84158,0.151524
0.509919,0.0591217,-0.844182,0.154416
0.506036,0.0592181,-0.845992,0.157221
0.503218,0.0589602,-0.847197,0.159854
0.501899,0.0582093,-0.847592,0.162164
0.50174,0.0570606,-0.847379,0.164165
0.50324,0.055346,-0.846312,0.165658
0.50608,0.0531934,-0.844555,0.166675
0.51078,0.0504451,-0.841826,0.166999
0.516903,0.0472738,-0.838306,0.166792
0.524928,0.0435824,-0.833672,0.16596
0.53432,0.0395666,-0.828134,0.164717
0.54546,0.0352469,-0.821365,0.163066
0.557766,0.0308669,-0.813622,0.161131
0.571458,0.0264029,-0.804639,0.159047
0.586079,0.021974,-0.794602,0.156959
0.601821,0.0177414,-0.783254,0.154952
0.618189,0.0137452,-0.770865,0.153038
0.635281,0.010151,-0.757245,0.151309
0.652689,0.00689682,-0.74265,0.149736
0.670437,0.00414366,-0.726965,0.148388
0.688227,0.00177171,-0.710408,0.147174
0.706063,-0.000144164,-0.692917,0.146088
0.723735,-0.00178712,-0.674668,0.145007
0.741268,-0.00314732,-0.655608,0.143843
0.758525,-0.00438337,-0.635846,0.142547
0.775499,-0.00557131,-0.615364,0.14106
0.792087,-0.00680052,-0.594241,0.13939
0.808316,-0.00817764,-0.572415,0.137476
0.824141,-0.00972341,-0.549898,0.13531
0.839653,-0.0116116,-0.526505,0.132819
0.854766,-0.0137953,-0.502274,0.130021
0.869523,-0.0164134,-0.477048,0.126827
0.883783,-0.019337,-0.450947,0.123288
0.897556,-0.02264,-0.423841,0.119333
0.910663,-0.0261742,-0.395943,0.115054
0.923069,-0.0299175,-0.367226,0.110425
0.934627,-0.0337295,-0.337923,0.105563
0.945283,-0.037552,-0.308106,0.100499
0.954956,-0.0413062,-0.277972,0.0953153
0.963605,-0.0449068,-0.247668,0.0900566
0.971216,-0.0483465,-0.217295,0.0847582
0.977762,-0.051468,-0.187114,0.0795006
0.983277,-0.0542654,-0.157152,0.0743254
0.987751,-0.0565856,-0.127807,0.0693632
0.991243,-0.0585779,-0.0991322,0.0646394
0.993786,-0.0600938,-0.0717094,0.0602993
0.995502,-0.0612145,-0.0454133,0.0562704
0.996475,-0.0618042,-0.0209505,0.0527249
0.996845,-0.0619558,0.00191846,0.0495799
0.996743,-0.0615238,0.0224163,0.0470629
0.9963,-0.0606196,0.0409873,0.045073
0.995669,-0.0590519,0.0568726,0.0438355
0.994931,-0.0569648,0.0707159,0.0431953
0.994222,-0.0542302,0.0818429,0.0434
0.993556,-0.0510678,0.0910026,0.0442469
0.993024,-0.0474751,0.0976627,0.0459514
0.992592,-0.0436111,0.1026,0.048301
0.992331,-0.0395606,0.105207,0.0514376
0.99216,-0.035568,0.106396,0.055073
0.992088,-0.0318362,0.105971,0.059314
0.992051,-0.0284594,0.104584,0.0639317
0.99203,-0.0258741,0.102271,0.0689068
0.99198,-0.0242179,0.0995717,0.0739872
0.991873,-0.0239844,0.09678,0.0790377
0.991705,-0.0248535,0.0940501,0.0840063
0.991482,-0.0270052,0.0913326,0.0888361
0.991206,-0.0300241,0.0887135,0.093489
0.990887,-0.0339996,0.0861179,0.0978326
0.990539,-0.0385562,0.0834746,0.10187
0.990194,-0.0436245,0.0806556,0.105387
0.989862,-0.0489024,0.0775929,0.108452
0.98959,-0.0541783,0.0740293,0.110887
0.989375,-0.0592519,0.0699693,0.112835
0.989268,-0.0638044,0.0651008,0.114194
0.989242,-0.0677808,0.059514,0.115175
0.989339,-0.0708513,0.0528399,0.115739
0.989511,-0.0731575,0.045262,0.116053
0.989776,-0.0743755,0.0363578,0.116147
0.990064,-0.0747331,0.0263921,0.116156
0.990357,-0.073957,0.0149188,0.116193
0.990566,-0.0723597,0.00226782,0.116357
0.990629,-0.0698188,-0.0119799,0.116774
0.990461,-0.0667414,-0.0274323,0.117391
0.989972,-0.0632926,-0.0444248,0.118222
0.989103,-0.0598216,-0.0625119,0.119118
0.987764,-0.0566048,-0.0819785,0.119991
0.985916,-0.0536879,-0.102438,0.120802
0.983461,-0.0512791,-0.124162,0.121488
0.980391,-0.0492606,-0.146701,0.122007
0.976636,-0.0478221,-0.170149,0.122243
0.972203,-0.0467975,-0.194175,0.122175
0.967046,-0.0464106,-0.218771,0.121688
0.961177,-0.0464576,-0.243657,0.12088
0.954544,-0.0469097,-0.268898,0.119746
0.947153,-0.0475233,-0.294313,0.118419
0.938938,-0.0481465,-0.319993,0.116972
0.929922,-0.04866,-0.345748,0.11548
0.920078,-0.0489162,-0.371567,0.114024
0.90946,-0.0489027,-0.397254,0.112609
0.898123,-0.0484573,-0.422659,0.111297
0.886148,-0.0476259,-0.447622,0.110033
0.873663,-0.0462257,-0.47194,0.108855
0.860694,-0.0443264,-0.495609,0.107764
0.847357,-0.0416145,-0.518485,0.106895
0.833624,-0.0381879,-0.540671,0.106242
0.819595,-0.0337193,-0.562047,0.105974
0.80522,-0.0284503,-0.582729,0.106007
0.790593,-0.0221598,-0.602611,0.106451
0.775696,-0.0151892,-0.621762,0.107127
0.760699,-0.00749344,-0.640009,0.108024
0.745583,0.000582257,-0.657441,0.108983
0.730548,0.00896284,-0.673891,0.109954
0.715522,0.0174513,-0.689514,0.110885
0.700686,0.0259506,-0.704178,0.111798
0.685938,0.0343409,-0.718059,0.112703
0.671472,0.0424508,-0.731027,0.113678
0.657232,0.0502606,-0.743209,0.114719
0.643525,0.0575412,-0.7544,0.115952
0.630275,0.0643024,-0.764745,0.117409
0.617758,0.0703228,-0.774095,0.119192
0.605812,0.0757614,-0.782659,0.121226
0.594768,0.080417,-0.790258,0.123599
0.584419,0.084461,-0.797114,0.126212
0.575112,0.0876542,-0.80305,0.129128
0.566634,0.090183,-0.808272,0.132246
0.559389,0.0918056,-0.812572,0.135581
0.553117,0.0927544,-0.816167,0.139028
0.548232,0.092863,-0.818835,0.142575
0.544408,0.0924124,-0.820804,0.146154
0.542059,0.0912825,-0.821842,0.149716
0.540833,0.0897072,-0.822181,0.153202
0.541163,0.0875983,-0.821572,0.156489
0.542683,0.0851435,-0.820239,0.159544
0.545802,0.0822863,-0.817942,0.162173
0.550118,0.0791726,-0.814909,0.164394
0.556093,0.0757483,-0.810856,0.165935
0.563342,0.0721111,-0.805979,0.166865
0.572327,0.0682189,-0.799954,0.166919
0.582559,0.0641555,-0.792996,0.166332
0.594416,0.0599123,-0.784781,0.164921
0.607386,0.0555795,-0.775527,0.162941
0.621769,0.0512026,-0.764907,0.160309
0.637047,0.0468543,-0.75316,0.157248
0.653432,0.0426329,-0.739984,0.15373
0.670432,0.0385585,-0.725633,0.149973
0.6882,0.0346955,-0.709825,0.146032
0.706305,0.0310009,-0.692828,0.141993
0.724849,0.0275351,-0.674402,0.137904
0.743453,0.0241966,-0.654828,0.133764
0.762173,0.0210128,-0.633914,0.129628
0.780715,0.017925,-0.611895,0.125487
0.799069,0.0149726,-0.588667,0.12139
0.816962,0.0121222,-0.564501,0.117324
0.834296,0.00940569,-0.539454,0.113366
0.85093,0.00676404,-0.513704,0.109454
0.86685,0.00418411,-0.487251,0.105548
0.881975,0.00159043,-0.460218,0.10157
0.896276,-0.00110003,-0.43266,0.0974335
0.909704,-0.00388042,-0.404661,0.0931233
0.92223,-0.00677371,-0.376301,0.0885649
0.933817,-0.00971738,-0.34766,0.0838057
0.944429,-0.0127049,-0.318877,0.0788077
0.954056,-0.0157057,-0.290015,0.0736341
0.962669,-0.0187303,-0.261257,0.0682782
0.970298,-0.0217985,-0.2326,0.0628009
0.976928,-0.0249168,-0.204239,0.0572472
0.982615,-0.0280841,-0.176093,0.0516747
0.987348,-0.0313286,-0.148417,0.04621
0.991184,-0.0346293,-0.121167,0.0409034
0.994131,-0.0379672,-0.0947092,0.0359532
0.996272,-0.0412567,-0.0689672,0.0313617
0.997652,-0.0444124,-0.0443975,0.0273454
0.998371,-0.0474596,-0.0208574,0.0238214
0.998511,-0.0503119,0.00106836,0.0210457
0.998181,-0.0530076,0.0216671,0.0188622
0.997493,-0.0554585,0.040301,0.0175417
0.996539,-0.0577152,0.0573788,0.0169105
0.995449,-0.0596563,0.072272,0.0172737
0.994289,-0.0612995,0.0853942,0.0184078
0.993205,-0.062466,0.0960093,0.0205821
0.992221,-0.0631608,0.10467,0.0234993
0.991468,-0.0631229,0.110717,0.0273442
0.990905,-0.0624786,0.11486,0.0318046
0.990609,-0.0610464,0.116631,0.0369466
0.990487,-0.0590749,0.11679,0.0424925
0.990565,-0.0564866,0.115083,0.0484418
0.990741,-0.0535948,0.112168,0.0545767
0.99101,-0.0506153,0.107917,0.0607614
0.991292,-0.0478634,0.102925,0.0667503
0.991587,-0.0456961,0.0972217,0.07222
0.991879,-0.0439732,0.0909919,0.0772136
0.99219,-0.0429251,0.0840938,0.0815172
0.992495,-0.0424119,0.0766988,0.0852827
0.992814,-0.0425895,0.0686293,0.0883008
0.993119,-0.0432881,0.0600119,0.0907658
0.993422,-0.0446435,0.0506122,0.0925052
0.993687,-0.0464336,0.0405474,0.0937301
0.993914,-0.0486507,0.0294953,0.0943344
0.994055,-0.0510514,0.0176182,0.0945427
0.994091,-0.0535023,0.00451969,0.0943432
0.993966,-0.0558393,-0.0095831,0.09393
0.993634,-0.0578654,-0.0251114,0.0933441
0.993031,-0.059551,-0.0417767,0.0927261
0.992079,-0.0607241,-0.060017,0.0921365
0.990711,-0.0615003,-0.0794715,0.0916216
0.988806,-0.0617864,-0.100585,0.0912618
0.986298,-0.0617459,-0.122962,0.0910201
0.983026,-0.0613673,-0.147054,0.0909384
0.97894,-0.0607799,-0.172379,0.0909248
0.973844,-0.0600134,-0.199395,0.0909297
0.967734,-0.0590765,-0.227491,0.0908272
0.960457,-0.058039,-0.256836,0.0904908
0.952038,-0.0569448,-0.28688,0.0898943
0.942353,-0.0558235,-0.317731,0.0888946
0.931442,-0.0546593,-0.348947,0.0875461
0.919231,-0.0534053,-0.380536,0.0857652
0.905792,-0.0520139,-0.412116,0.0836411
0.891133,-0.050383,-0.443582,0.0811109
0.87537,-0.0485023,-0.474606,0.0782571
0.858621,-0.0462885,-0.504968,0.0750642
0.841004,-0.0438099,-0.534471,0.0716437
0.822738,-0.0409872,-0.56284,0.0680668
0.803874,-0.037859,-0.590082,0.064463
0.784685,-0.0343139,-0.615929,0.0610233
0.765155,-0.0304074,-0.640522,0.0578275
0.7456,-0.025987,-0.663596,0.0551972
0.725955,-0.021154,-0.685362,0.0531208
0.706594,-0.0158107,-0.705531,0.051972
0.687411,-0.0101491,-0.724362,0.0515996
0.668792,-0.00412479,-0.741592,0.0523632
0.650548,0.00213739,-0.757536,0.0540491
0.632981,0.00869195,-0.772011,0.0570746
0.615825,0.0154283,-0.785356,0.0611436
0.599348,0.0222988,-0.797403,0.0665831
0.583358,0.0291905,-0.808405,0.0729583
0.568318,0.0360254,-0.818078,0.0804119
0.554018,0.0425663,-0.8267,0.0884256
0.540888,0.0486785,-0.834081,0.0968444
0.528694,0.0544039,-0.840498,0.105294
0.517877,0.0595747,-0.84579,0.113551
0.508075,0.0643294,-0.850267,0.121521
0.499637,0.0685711,-0.853836,0.128941
0.4922,0.0724357,-0.856762,0.135837
0.486101,0.0758321,-0.858964,0.141901
0.480999,0.0788873,-0.860656,0.147271
0.477238,0.0815004,-0.861748,0.151633
0.474476,0.0837777,-0.86242,0.155198
0.473026,0.0855869,-0.862591,0.157667
0.472518,0.0870167,-0.862422,0.15932
0.473216,0.0878626,-0.861849,0.159888
0.47477,0.0882428,-0.86099,0.159696
0.477427,0.0879638,-0.859759,0.158558
0.480865,0.0872009,-0.858246,0.156776
0.485288,0.0858498,-0.856348,0.154252
0.490415,0.0841193,-0.854131,0.151256
0.496494,0.0819584,-0.851441,0.147733
0.503292,0.0795161,-0.848336,0.143875
0.511067,0.0767961,-0.844629,0.139696
0.519534,0.0739088,-0.840411,0.13539
0.528879,0.070875,-0.835522,0.131023
0.538748,0.0677706,-0.830123,0.126703
0.54935,0.0645598,-0.82402,0.122625
0.560458,0.0613214,-0.817323,0.118783
0.572241,0.0581025,-0.809857,0.115306
0.584468,0.0549185,-0.801753,0.112135
0.597307,0.0517817,-0.79283,0.109382
0.61056,0.0486686,-0.78321,0.106913
0.624399,0.0455558,-0.772701,0.104799
0.638601,0.0424414,-0.761445,0.102898
0.653287,0.0393249,-0.749275,0.101272
0.668242,0.0362103,-0.736328,0.0998112
0.683548,0.03311,-0.722461,0.0985687
0.698974,0.030003,-0.707841,0.0974493
0.714577,0.0269171,-0.692353,0.0964501
0.730171,0.0238188,-0.676142,0.0954758
0.745813,0.0207028,-0.659095,0.0944888
0.761338,0.017551,-0.641349,0.0934232
0.77679,0.0143529,-0.622811,0.0921867
0.792027,0.0111127,-0.603594,0.0907928
0.807086,0.00783562,-0.583611,0.0891585
0.821823,0.00451885,-0.562994,0.0873171
0.836249,0.00113927,-0.541689,0.0851982
0.850265,-0.00230594,-0.519795,0.082805
0.863901,-0.00587074,-0.497229,0.0800234
0.877072,-0.00953445,-0.474067,0.0769066
0.889779,-0.0133357,-0.450258,0.0733768
0.90192,-0.0172345,-0.42592,0.0695426
0.913477,-0.0212275,-0.401046,0.0653564
0.92436,-0.0252694,-0.375774,0.0609347
0.934539,-0.0293276,-0.350158,0.0562592
0.943977,-0.0333587,-0.324273,0.0514049
0.952647,-0.0373162,-0.298196,0.0463702
0.960549,-0.0411566,-0.271944,0.0412079
0.967652,-0.0448388,-0.245655,0.0359626
0.973954,-0.048356,-0.219393,0.0307025
0.979432,-0.0516371,-0.193383,0.0254937
0.984108,-0.0547117,-0.167693,0.0204103
0.987979,-0.0574602,-0.142668,0.0155668
0.991114,-0.0599095,-0.118257,0.0109412
0.99354,-0.0619305,-0.0948598,0.006669
0.995347,-0.0636048,-0.0723312,0.00268837
0.996584,-0.0648217,-0.0511585,-0.000869361
0.997346,-0.0656924,-0.0311279,-0.00405903
0.997708,-0.0661119,-0.0127706,-0.00671459
0.997759,-0.0661805,0.00423399,-0.00892863
0.997591,-0.0657974,0.0193221,-0.0104986
0.997271,-0.0650775,0.0328858,-0.0115541
0.996901,-0.0639063,0.0443224,-0.0118613
0.996517,-0.0623978,0.0540983,-0.0115874
0.996212,-0.0604936,0.0615709,-0.010509
0.995989,-0.0582996,0.0673036,-0.0088268
0.995914,-0.0557715,0.0707373,-0.00637522
0.995952,-0.05304,0.0724886,-0.0033896
0.996138,-0.0501373,0.0720709,0.000262237
0.996416,-0.0471598,0.0700885,0.00435428
0.996761,-0.0441829,0.0666141,0.00883396
0.997172,-0.0413213,0.0612525,0.0137317
0.997602,-0.0387173,0.0541708,0.018897
0.997986,-0.0364419,0.0459488,0.0241655
0.9983,-0.0347635,0.036444,0.0293386
0.998505,-0.0336032,0.0261165,0.0343154
0.99858,-0.0329625,0.0150239,0.0390586
0.998506,-0.0329794,0.00292523,0.0434712
0.998254,-0.0334679,-0.0102621,0.0475726
0.997792,-0.0342167,-0.024338,0.051466
0.997073,-0.0352046,-0.039679,0.0550584
0.996059,-0.0363334,-0.0559913,0.0584052
0.994685,-0.0376206,-0.0736184,0.0613822
0.992912,-0.0390037,-0.0922044,0.0640554
0.990688,-0.040468,-0.111744,0.0664247
0.98792,-0.0419592,-0.132562,0.0684232
0.984526,-0.0433876,-0.15464,0.0700909
0.980478,-0.0446888,-0.177619,0.0715406
0.975704,-0.0458293,-0.201497,0.072801
0.970072,-0.046724,-0.22654,0.0738657
0.963536,-0.0474615,-0.252495,0.0747783
0.955963,-0.0478704,-0.27954,0.0754953
0.947375,-0.0480047,-0.307237,0.0760381
0.937641,-0.0479046,-0.335717,0.0763463
0.926789,-0.0476446,-0.364621,0.0764415
0.914694,-0.0471829,-0.394069,0.076277
0.901392,-0.0465105,-0.423756,0.0758995
0.886773,-0.0455158,-0.453754,0.0752951
0.870908,-0.0442198,-0.483744,0.0745318
0.853724,-0.0424763,-0.513738,0.0736518
0.835312,-0.0403774,-0.543447,0.0727234
0.815709,-0.0378062,-0.572739,0.0718355
0.795036,-0.0348932,-0.601381,0.0710045
0.773446,-0.031609,-0.629155,0.0703329
0.751069,-0.0280617,-0.655922,0.069814
0.728129,-0.0241813,-0.681468,0.069605
0.704676,-0.0200286,-0.70581,0.0697296
0.681008,-0.01548,-0.728713,0.0704611
0.657109,-0.0106063,-0.7503,0.0717353
0.633331,-0.00531478,-0.770327,0.0738877
0.609629,0.000265637,-0.788964,0.0767348
0.586438,0.00617981,-0.805959,0.0805169
0.563679,0.0122739,-0.821525,0.084931
0.541888,0.0185224,-0.835403,0.0900846
0.521044,0.0248115,-0.84779,0.095657
0.501611,0.0309473,-0.85854,0.10168
0.483258,0.0369065,-0.868016,0.107926
0.466511,0.0425815,-0.876063,0.114316
0.450995,0.0479906,-0.883025,0.120696
0.437276,0.0529764,-0.888751,0.126907
0.424955,0.0575881,-0.893559,0.132847
0.414617,0.0616552,-0.897314,0.138273
0.405774,0.0652897,-0.900316,0.143231
0.398922,0.0683159,-0.902461,0.14751
0.393523,0.0708592,-0.904014,0.151254
0.39,0.0727396,-0.904879,0.154282
0.387825,0.0741177,-0.905275,0.156768
0.387365,0.0748308,-0.905109,0.158513
0.388112,0.0750962,-0.904555,0.159719
0.390387,0.0748333,-0.903503,0.160254
0.393697,0.0742489,-0.902097,0.160347
0.398168,0.073308,-0.900283,0.159935
0.403349,0.0721854,-0.898195,0.159203
0.409241,0.0708992,-0.89581,0.158174
0.415314,0.0695045,-0.893335,0.156958
0.421717,0.0680548,-0.890703,0.155469
0.428235,0.0665865,-0.887984,0.153833
0.434811,0.0651487,-0.8852,0.152039
0.44137,0.0637642,-0.882374,0.15014
0.44785,0.0624478,-0.879537,0.148138
0.4542,0.0611918,-0.876708,0.146086
0.460399,0.0600226,-0.87389,0.144035
0.466499,0.0589171,-0.87106,0.141995
0.472519,0.0578586,-0.868209,0.139968
0.478561,0.0567904,-0.865288,0.13795
0.484777,0.0556352,-0.862219,0.135918
0.491228,0.0543708,-0.858963,0.133874
0.498084,0.0528853,-0.855413,0.13185
0.505298,0.0511969,-0.851577,0.12988
0.513105,0.0492671,-0.84729,0.128041
0.521575,0.0470763,-0.842499,0.126252
0.530851,0.0446129,-0.837083,0.124494
0.540804,0.0419146,-0.831086,0.122759
0.55177,0.0389082,-0.824244,0.121068
0.563527,0.035679,-0.816646,0.119394
0.576406,0.032186,-0.807995,0.117746
0.590081,0.0285294,-0.798441,0.116112
0.604837,0.0247287,-0.787682,0.114535
0.620297,0.0208663,-0.775909,0.112966
0.636691,0.016969,-0.762835,0.111443
0.653608,0.0130869,-0.748692,0.109938
0.671218,0.00929923,-0.733222,0.108471
0.689114,0.00563352,-0.716687,0.107004
0.707368,0.00220655,-0.698923,0.105512
0.725621,-0.000998445,-0.680196,0.103955
0.743866,-0.00386597,-0.660447,0.102267
0.761831,-0.00645288,-0.639914,0.100413
0.779466,-0.00866244,-0.618621,0.0983172
0.796601,-0.0105799,-0.596742,0.0959899
0.813174,-0.0120955,-0.574356,0.0933659
0.82911,-0.0132956,-0.551555,0.0904806
0.844312,-0.014129,-0.528509,0.0872655
0.858761,-0.0147187,-0.505264,0.0837973
0.872385,-0.0150443,-0.481988,0.0800348
0.885242,-0.0152231,-0.458622,0.0760327
0.897311,-0.0153498,-0.435256,0.0717557
0.908651,-0.0155225,-0.411812,0.0672547
0.919253,-0.0158823,-0.388351,0.0624873
0.929157,-0.0164481,-0.36481,0.0575357
0.938347,-0.0173491,-0.341258,0.0524094
0.946848,-0.0185067,-0.31766,0.0471957
0.954633,-0.0199974,-0.294136,0.0419457
0.961735,-0.0216944,-0.270641,0.0367147
0.968127,-0.0236,-0.247337,0.0315908
0.973847,-0.0255938,-0.224189,0.0265765
0.978881,-0.0276381,-0.201385,0.0217475
0.983276,-0.0296653,-0.178878,0.0170626
0.987026,-0.0315881,-0.156918,0.0125853
0.990193,-0.0334284,-0.135398,0.00827259
0.992779,-0.0351305,-0.114622,0.00420007
0.99485,-0.0366885,-0.0944846,0.000338476
0.996427,-0.0380018,-0.0753644,-0.00322084
0.997583,-0.0390904,-0.0570759,-0.00651029
0.998357,-0.039852,-0.040082,-0.00940328
0.998821,-0.0403832,-0.0241413,-0.0119571
0.999029,-0.0406238,-0.00977766,-0.0139948
0.999046,-0.040647,0.00332304,-0.0156248
0.998938,-0.0403785,0.0146465,-0.0166895
0.998752,-0.039871,0.0246012,-0.0173151
0.998551,-0.0390443,0.0327151,-0.0173421
0.998356,-0.0379748,0.0394658,-0.0169015
0.998216,-0.0365801,0.044454,-0.0158298
0.998126,-0.0349474,0.0481694,-0.0142666
0.998116,-0.0330453,0.050264,-0.0120745
0.998164,-0.0309842,0.0511891,-0.00941336
0.998281,-0.0288336,0.0506448,-0.00619565
0.998435,-0.0267082,0.049071,-0.00263792
0.998622,-0.0246685,0.046303,0.00125777
0.998812,-0.0227862,0.0427546,0.00533579
0.998995,-0.0212071,0.0383281,0.00953029
0.999151,-0.0198823,0.0333645,0.0137326
0.999274,-0.0189804,0.0277915,0.0178591
0.999354,-0.0183754,0.0218154,0.0218844
0.999386,-0.0181681,0.0153503,0.025728
0.999365,-0.0182242,0.00851941,0.0294044
0.999287,-0.0186292,0.00120155,0.0328235
0.999144,-0.0192741,-0.00649491,0.0360159
0.998931,-0.0201903,-0.0147469,0.0388697
0.998639,-0.0212603,-0.0234571,0.041461
0.998251,-0.0224259,-0.0328723,0.0437319
0.997749,-0.0235638,-0.0429255,0.0458212
0.997093,-0.0245159,-0.0540555,0.0477863
0.99625,-0.0252315,-0.0661592,0.0497288
0.995141,-0.0255351,-0.0797952,0.0517206
0.993723,-0.0254846,-0.0947231,0.0537829
0.991872,-0.0249831,-0.111515,0.0559383
0.989538,-0.0242056,-0.129791,0.0581591
0.986548,-0.023162,-0.150109,0.060444
0.98285,-0.022023,-0.171998,0.0627476
0.978193,-0.0208055,-0.196146,0.0650643
0.972569,-0.019626,-0.221789,0.0673342
0.965752,-0.0185943,-0.249303,0.0694601
0.957754,-0.0177469,-0.278027,0.0713635
0.948357,-0.0173029,-0.308228,0.0729025
0.937617,-0.0171751,-0.339258,0.0740467
0.925381,-0.0174463,-0.371211,0.0746158
0.911737,-0.017956,-0.403528,0.0746882
0.896614,-0.018663,-0.43617,0.0740924
0.880118,-0.0194849,-0.468707,0.0729893
0.862271,-0.020343,-0.500986,0.0713263
0.843221,-0.021142,-0.532663,0.0692973
0.823148,-0.0218221,-0.563445,0.066938
0.802196,-0.0223801,-0.593151,0.0644438
0.780708,-0.0227528,-0.6214,0.0619647
0.758751,-0.022917,-0.648239,0.0596384
0.736717,-0.0226616,-0.673347,0.0577705
0.714588,-0.0219495,-0.696924,0.056395
0.692763,-0.0204755,-0.718704,0.0559016
0.671151,-0.0183138,-0.738964,0.0561555
0.650213,-0.015203,-0.757422,0.057472
0.629806,-0.0113889,-0.774383,0.0595449
0.610482,-0.006727,-0.78953,0.0625182
0.592017,-0.00151029,-0.803214,0.0660413
0.574898,0.00432544,-0.815199,0.0701678
0.558686,0.0105313,-0.825947,0.0746398
0.543714,0.017113,-0.835322,0.0794971
0.529579,0.0238903,-0.843701,0.0845215
0.516704,0.030859,-0.85091,0.0895355
0.504763,0.0377669,-0.857245,0.0944419
0.494104,0.0445495,-0.862583,0.0991287
0.484404,0.0511479,-0.867183,0.103583
0.475958,0.0574429,-0.870957,0.107695
0.468396,0.0634541,-0.874152,0.111524
0.461995,0.0689914,-0.876686,0.114987
0.456429,0.0740832,-0.878762,0.118163
0.451972,0.0784588,-0.880303,0.120965
0.448351,0.0821967,-0.881463,0.123478
0.445832,0.0850051,-0.882173,0.125613
0.444111,0.0870802,-0.882569,0.127493
0.443404,0.0881715,-0.882589,0.129058
0.443393,0.088553,-0.882358,0.130408
0.444243,0.0880747,-0.881818,0.131482
0.445713,0.0870445,-0.881046,0.132371
0.44799,0.0854153,-0.879956,0.13299
0.450841,0.0834187,-0.878631,0.133381
0.454398,0.0810293,-0.87701,0.133455
0.458452,0.0784209,-0.875163,0.133274
0.463141,0.0755751,-0.873022,0.132742
0.468295,0.0726287,-0.870643,0.131931
0.474103,0.0695842,-0.867921,0.130758
0.480356,0.0665326,-0.864937,0.129286
0.487229,0.0634499,-0.861579,0.12753
0.494611,0.060381,-0.857866,0.125619
0.502654,0.0573778,-0.853682,0.123588
0.511173,0.0544371,-0.849096,0.12155
0.520363,0.0516292,-0.843961,0.119525
0.530068,0.0489324,-0.838348,0.117501
0.540487,0.0463508,-0.832089,0.115555
0.551469,0.0438483,-0.825254,0.113648
0.563228,0.0413824,-0.817656,0.1118
0.575599,0.0389028,-0.80937,0.109969
0.588787,0.0363487,-0.800193,0.108166
0.602529,0.0336925,-0.790258,0.106377
0.617017,0.0308671,-0.779351,0.10464
0.631972,0.0278883,-0.767619,0.102932
0.64755,0.0246866,-0.754856,0.1013
0.663475,0.0212974,-0.741216,0.0997338
0.679904,0.0177154,-0.726468,0.098284
0.696568,0.0140237,-0.710779,0.0969044
0.713545,0.0102705,-0.693977,0.0956273
0.730556,0.00651327,-0.676264,0.0944056
0.74764,0.00281805,-0.657525,0.0932076
0.764561,-0.000809708,-0.637953,0.0919835
0.781325,-0.00432416,-0.617488,0.0906699
0.797766,-0.00774802,-0.59628,0.0892179
0.813899,-0.0110604,-0.57427,0.0875167
0.829588,-0.0142889,-0.551598,0.0855534
0.844838,-0.0173823,-0.528223,0.0832262
0.859541,-0.0203715,-0.504258,0.0806158
0.873659,-0.0232079,-0.479743,0.0776445
0.887114,-0.0259035,-0.454776,0.0744109
0.899872,-0.0284351,-0.429418,0.0708599
0.91188,-0.0308501,-0.403761,0.0670834
0.923123,-0.0331383,-0.377859,0.0629988
0.933583,-0.0353361,-0.351753,0.0586796
0.943238,-0.0374397,-0.325539,0.0540843
0.952087,-0.0394784,-0.299234,0.049298
0.960107,-0.041429,-0.272971,0.044337
0.967315,-0.0433072,-0.246747,0.0392824
0.973689,-0.0450343,-0.220749,0.0342131
0.979258,-0.0466436,-0.195003,0.0291783
0.984004,-0.048047,-0.169816,0.0242943
0.987993,-0.049236,-0.145132,0.0195535
0.991237,-0.0500776,-0.121301,0.0150609
0.993818,-0.0506369,-0.0982076,0.0107868
0.995766,-0.0508223,-0.0762945,0.00685689
0.997172,-0.0507108,-0.0553741,0.00322572
0.998093,-0.0502171,-0.035893,2.36687e-05
0.998618,-0.0494521,-0.0175677,-0.00283122
0.998816,-0.0483533,-0.000967062,-0.00518601
0.998765,-0.0470575,0.0142544,-0.00712522
0.998547,-0.0455765,0.0274741,-0.00846103
0.998222,-0.0440173,0.0391117,-0.00930321
0.997872,-0.0423992,0.0486234,-0.00949237
0.997525,-0.0407654,0.0565494,-0.00915869
0.997247,-0.0392154,0.0624159,-0.00810259
0.997029,-0.0377721,0.0668118,-0.00648942
0.996914,-0.036531,0.0693582,-0.00412924
0.996871,-0.035478,0.0706298,-0.00121597
0.996912,-0.0347735,0.0703675,0.00236834
0.996999,-0.0343584,0.0690838,0.00637191
0.99713,-0.0343667,0.0665926,0.0108137
0.99727,-0.034737,0.0633031,0.0154801
0.997406,-0.0356539,0.0591555,0.020286
0.997512,-0.0370107,0.0545155,0.0250555
0.997581,-0.03889,0.0494241,0.0296053
0.997603,-0.0411422,0.0441301,0.0338864
0.997576,-0.043837,0.0387091,0.0377064
0.997499,-0.0468485,0.0333133,0.0411247
0.997377,-0.0501999,0.0280929,0.0439244
0.997217,-0.0537472,0.0230804,0.046237
0.997031,-0.0574297,0.0183674,0.0478956
0.996828,-0.0610877,0.0138711,0.0490911
0.996629,-0.0645831,0.00961138,0.04968
0.996436,-0.0678224,0.00547001,0.0498488
0.996278,-0.0705424,0.00139112,0.0495156
0.996147,-0.0727777,-0.00274684,0.0488621
0.996067,-0.074204,-0.00713036,0.047891
0.996018,-0.0749599,-0.0118727,0.0467754
0.996007,-0.0747565,-0.0173712,0.0455978
0.996002,-0.0737676,-0.0236619,0.0444766
0.995982,-0.0717419,-0.0313056,0.0435142
0.995892,-0.068987,-0.0402027,0.0427134
0.99566,-0.065373,-0.0510439,0.0422096
0.995217,-0.0611817,-0.0635555,0.0419479
0.994428,-0.0563699,-0.0785054,0.0420919
0.993213,-0.0511648,-0.0953777,0.0425712
0.99137,-0.0456667,-0.114919,0.0435067
0.988817,-0.0401344,-0.136468,0.0447927
0.985316,-0.0347363,-0.160575,0.0464984
0.980769,-0.0295649,-0.18674,0.0484376
0.974956,-0.0249649,-0.21512,0.0506085
0.967881,-0.020968,-0.244901,0.0528129
0.959351,-0.0179187,-0.276251,0.0548553
0.949424,-0.015656,-0.308453,0.0566162
0.937935,-0.0143736,-0.341638,0.0579165
0.924945,-0.0137448,-0.375271,0.0588233
0.910313,-0.0138311,-0.409428,0.0592222
0.894124,-0.0143055,-0.443651,0.0592478
0.876302,-0.0151739,-0.477919,0.0588009
0.856987,-0.0161987,-0.511812,0.0579575
0.836223,-0.0172831,-0.545182,0.0566405
0.814161,-0.0182631,-0.577741,0.0549965
0.790968,-0.018922,-0.609261,0.0530287
0.766789,-0.0191774,-0.639589,0.0509176
0.74196,-0.0186552,-0.668407,0.0487823
0.716582,-0.0174113,-0.695718,0.0467328
0.691077,-0.0150559,-0.721224,0.0449662
0.665449,-0.0117651,-0.74508,0.0435276
0.640164,-0.00715771,-0.767017,0.042694
0.615116,-0.00154015,-0.787295,0.0423955
0.590767,0.00537749,-0.805681,0.0429272
0.566931,0.013171,-0.822479,0.0440852
0.544081,0.0219421,-0.837478,0.0460959
0.521921,0.0312547,-0.851029,0.0486919
0.500882,0.0410062,-0.862979,0.0519911
0.480697,0.0509091,-0.873633,0.0557094
0.461808,0.0606436,-0.882871,0.0599585
0.443872,0.0700684,-0.891017,0.0644668
0.42739,0.0789458,-0.897959,0.0691003
0.412054,0.0873056,-0.90397,0.0736771
0.398432,0.094908,-0.90893,0.078048
0.386116,0.101908,-0.913114,0.0821741
0.37564,0.108064,-0.916426,0.0859043
0.366533,0.113573,-0.91912,0.0892968
0.359281,0.118183,-0.921113,0.0922049
0.353404,0.122095,-0.922618,0.0947305
0.349351,0.125054,-0.923561,0.0966954
0.346635,0.127287,-0.924114,0.0982689
0.345672,0.128539,-0.92419,0.099309
0.345962,0.129058,-0.923938,0.0999602
0.347743,0.128646,-0.923312,0.100098
0.350542,0.127608,-0.92242,0.0998905
0.354561,0.125823,-0.921198,0.0992405
0.3594,0.123558,-0.919733,0.0982635
0.365198,0.120754,-0.917971,0.0968421
0.371618,0.117644,-0.915976,0.0951265
0.378798,0.114273,-0.913667,0.0930945
0.386291,0.11077,-0.911186,0.0908254
0.394271,0.107151,-0.908431,0.0884386
0.402513,0.103492,-0.905466,0.0860483
0.411039,0.099899,-0.902249,0.0837541
0.419699,0.0964073,-0.898833,0.0815917
0.428484,0.0931359,-0.895199,0.0796589
0.43733,0.0900827,-0.89138,0.0779071
0.44623,0.0873585,-0.887359,0.0764244
0.455164,0.0849083,-0.88316,0.075131
0.464167,0.0828244,-0.878751,0.0740688
0.473229,0.0810279,-0.874148,0.0731757
0.482392,0.0795832,-0.869316,0.0724862
0.491626,0.0783712,-0.864284,0.0719387
0.500983,0.0774047,-0.859011,0.0715825
0.510445,0.0765614,-0.853517,0.0713726
0.520109,0.0758631,-0.847734,0.0712594
0.530003,0.0752298,-0.841648,0.0711769
0.54027,0.0744926,-0.835157,0.0712237
0.550806,0.0735882,-0.828316,0.0713442
0.561792,0.0723874,-0.821002,0.0714578
0.573139,0.0708879,-0.813249,0.0715064
0.585073,0.0689024,-0.804887,0.071406
0.59744,0.0664755,-0.79598,0.0711526
0.610433,0.0634151,-0.786354,0.0706931
0.623858,0.0598496,-0.776087,0.0700587
0.637896,0.0556312,-0.764987,0.0692075
0.65231,0.0509565,-0.753158,0.0681735
0.667266,0.0457522,-0.740394,0.0669338
0.682504,0.0402259,-0.726825,0.0655373
0.698168,0.0343405,-0.712243,0.0639783
0.714015,0.0282531,-0.69678,0.0623071
0.730161,0.0220053,-0.680234,0.0605117
0.746355,0.0157079,-0.662775,0.0586233
0.762669,0.00946891,-0.644236,0.0566247
0.778863,0.00333067,-0.624808,0.0545598
0.79496,-0.00259341,-0.604387,0.0524172
0.810775,-0.00828672,-0.58314,0.0502309
0.826315,-0.013616,-0.560991,0.0480299
0.841443,-0.0186388,-0.538076,0.0458298
0.856163,-0.0232352,-0.514335,0.0436371
0.870347,-0.027526,-0.489918,0.0414504
0.883983,-0.0314289,-0.464806,0.0392669
0.896977,-0.0350325,-0.439124,0.0370832
0.909304,-0.0382253,-0.412902,0.0348917
0.920886,-0.0411174,-0.386278,0.0326889
0.931665,-0.0436262,-0.359402,0.0304723
0.941617,-0.0458228,-0.332355,0.0282331
0.9507,-0.0476186,-0.305331,0.0259927
0.958923,-0.049147,-0.278367,0.0237324
0.966256,-0.0503046,-0.251711,0.0214635
0.972749,-0.0511988,-0.225321,0.0192076
0.97839,-0.0517261,-0.19947,0.0169789
0.983246,-0.0519955,-0.174084,0.0147997
0.987316,-0.0519242,-0.149495,0.0127513
0.990686,-0.0515923,-0.125551,0.0108354
0.993374,-0.0509613,-0.102602,0.00913673
0.995465,-0.0500995,-0.0805038,0.00765289
0.996999,-0.0489766,-0.0595936,0.00647913
0.998061,-0.0476829,-0.0396214,0.00557039
0.998698,-0.0462239,-0.0209756,0.00505482
0.998984,-0.0446853,-0.00337336,0.004858
0.998975,-0.0431123,0.0128416,0.00512534
0.998726,-0.0415755,0.0280114,0.00577019
0.998298,-0.040122,0.041745,0.00697904
0.997731,-0.0387328,0.0543924,0.00864987
0.997088,-0.0374112,0.0655492,0.0109324
0.996391,-0.0361831,0.0755537,0.0136746
0.995695,-0.0351461,0.0840598,0.0170099
0.994999,-0.0342867,0.0914974,0.0207419
0.99434,-0.0337003,0.0976291,0.0249131
0.993706,-0.0333624,0.102835,0.0293444
0.993124,-0.033398,0.106918,0.0340353
0.992577,-0.0337422,0.110199,0.038831
0.992097,-0.0344777,0.112476,0.0436387
0.991667,-0.0354667,0.114016,0.0483609
0.991323,-0.0367277,0.114615,0.0528425
0.991045,-0.0381263,0.114542,0.0570571
0.990866,-0.0396429,0.113642,0.0608237
0.990754,-0.0412207,0.112182,0.0642017
0.990736,-0.0428159,0.110069,0.0670323
0.990778,-0.0444053,0.107543,0.0694411
0.990888,-0.0460467,0.104592,0.0712783
0.991037,-0.0477252,0.101393,0.0727142
0.991228,-0.049459,0.0979599,0.0736534
0.991439,-0.0512078,0.0943858,0.0742765
0.991672,-0.052942,0.0907075,0.0745389
0.99191,-0.0546432,0.0869828,0.0745874
0.992152,-0.0562638,0.0832399,0.0744317
0.992387,-0.0578461,0.0794991,0.0741701
0.992613,-0.0593551,0.0757821,0.0738446
0.992825,-0.0608163,0.0720765,0.0735235
0.993022,-0.0621685,0.0683537,0.0732785
0.993208,-0.0633781,0.0645656,0.0731595
0.993388,-0.0643436,0.0605858,0.0732749
0.993561,-0.0650957,0.056387,0.0736127
0.993733,-0.0655112,0.0518055,0.0742938
0.993897,-0.0656626,0.0468367,0.0752553
0.994056,-0.065448,0.0412465,0.0766016
0.994197,-0.0649541,0.0350906,0.0782496
0.994313,-0.0640881,0.0280869,0.0802795
0.99439,-0.0628911,0.0203677,0.082568
0.994411,-0.0612736,0.0115424,0.0851957
0.994343,-0.0593499,0.00178618,0.0880675
0.994151,-0.0570408,-0.00935897,0.0912251
0.993788,-0.0545057,-0.0216592,0.0945777
0.993193,-0.0516856,-0.0355832,0.0981363
0.992314,-0.0487543,-0.0507945,0.101761
0.991057,-0.0458012,-0.0678046,0.105412
0.989369,-0.0428868,-0.0861873,0.109
0.987122,-0.0401621,-0.106467,0.112432
0.984267,-0.0376168,-0.128161,0.11566
0.980654,-0.0354301,-0.151707,0.118524
0.976252,-0.0335518,-0.17654,0.120997
0.970919,-0.0321434,-0.20297,0.122829
0.964652,-0.0310745,-0.230415,0.124054
0.957325,-0.0304022,-0.259097,0.124393
0.948881,-0.0300283,-0.288695,0.124007
0.939231,-0.0300068,-0.31919,0.122728
0.928377,-0.0301255,-0.350164,0.120802
0.916199,-0.0302889,-0.381724,0.118105
0.90274,-0.0303838,-0.413457,0.114853
0.887947,-0.0302771,-0.445329,0.110969
0.871912,-0.0300092,-0.476973,0.106611
0.854698,-0.0294963,-0.508204,0.10173
0.836408,-0.0287778,-0.538782,0.0964808
0.817184,-0.0277769,-0.568488,0.0908879
0.797121,-0.0265105,-0.597203,0.0851044
0.776411,-0.0248335,-0.624727,0.0792808
0.755068,-0.0227674,-0.651109,0.0735563
0.73331,-0.0201068,-0.676166,0.068203
0.711113,-0.0169536,-0.70002,0.0632664
0.688746,-0.0131117,-0.722468,0.0591394
0.666163,-0.00873777,-0.743669,0.0557442
0.643668,-0.00368073,-0.763425,0.0534831
0.621154,0.00189498,-0.781949,0.0521418
0.598902,0.0081514,-0.799083,0.0521143
0.576773,0.0149056,-0.815043,0.053062
0.555044,0.0222732,-0.829684,0.0552716
0.533581,0.0300623,-0.8432,0.0583139
0.512713,0.0383112,-0.855443,0.0622455
0.492292,0.0468109,-0.866614,0.0666157
0.472699,0.0555556,-0.87658,0.071252
0.453768,0.0644244,-0.885549,0.0758064
0.435883,0.0733999,-0.893432,0.079991
0.418796,0.0823598,-0.900453,0.0837344
0.402845,0.0912307,-0.906558,0.0868624
0.387697,0.0999471,-0.911971,0.0895034
0.37366,0.10836,-0.91666,0.0914958
0.360472,0.116402,-0.920794,0.0929997
0.34853,0.12378,-0.924332,0.0938894
0.337594,0.130485,-0.927421,0.0943093
0.328182,0.136104,-0.930006,0.0941384
0.319997,0.1408,-0.932217,0.0935342
0.313522,0.144188,-0.93401,0.0924063
0.308337,0.146584,-0.935505,0.0909475
0.30491,0.147675,-0.936632,0.0891223
0.30278,0.147831,-0.93749,0.0870775
0.302384,0.146824,-0.937983,0.0848223
0.303252,0.145038,-0.93819,0.082476
0.305728,0.142366,-0.938001,0.0801049
0.309324,0.139163,-0.937496,0.0778053
0.314315,0.135413,-0.93656,0.0756676
0.320266,0.131392,-0.93527,0.0737287
0.327377,0.127233,-0.933494,0.0722797
0.335116,0.123071,-0.931392,0.0711266
0.343767,0.118985,-0.928814,0.0705041
0.353,0.115031,-0.925858,0.0703269
0.362914,0.11133,-0.922438,0.0707632
0.373286,0.107849,-0.918639,0.0716118
0.384215,0.104714,-0.91438,0.072959
0.395493,0.101848,-0.909748,0.0746403
0.407181,0.099337,-0.904681,0.0767406
0.4191,0.0970927,-0.89926,0.079123
0.431315,0.095229,-0.89342,0.0818555
0.443674,0.0936265,-0.887237,0.0848389
0.456241,0.0923587,-0.880656,0.0880872
0.468905,0.0913181,-0.873737,0.0915063
0.481727,0.0905392,-0.86643,0.095079
0.494635,0.0899237,-0.858782,0.098713
0.507686,0.0895015,-0.850744,0.102368
0.520795,0.0891797,-0.842369,0.105992
0.534002,0.0889532,-0.833623,0.109549
0.547239,0.0887721,-0.824544,0.113032
0.560554,0.0885411,-0.815102,0.116399
0.573855,0.0881986,-0.805357,0.119634
0.587139,0.0876399,-0.795333,0.122604
0.600362,0.0868564,-0.785063,0.125289
0.613583,0.0856864,-0.774533,0.12756
0.626772,0.0841686,-0.763746,0.129479
0.639981,0.0821043,-0.752694,0.130903
0.653163,0.0795916,-0.741377,0.131923
0.666365,0.0764548,-0.729781,0.132409
0.679505,0.0728588,-0.717923,0.13248
0.692652,0.0686725,-0.705747,0.132057
0.705749,0.0640924,-0.693239,0.131266
0.718856,0.0590718,-0.68033,0.13003
0.731904,0.0537736,-0.667023,0.128474
0.745006,0.0482021,-0.653176,0.126506
0.758082,0.0424939,-0.638804,0.124241
0.771196,0.0367171,-0.623782,0.121673
0.784219,0.0309712,-0.608195,0.118916
0.797177,0.0253655,-0.591956,0.115984
0.809954,0.019909,-0.575173,0.112938
0.822572,0.0147055,-0.557768,0.109789
0.834942,0.00972701,-0.539836,0.106557
0.8471,0.00509796,-0.521288,0.103223
0.858948,0.000754786,-0.502241,0.099804
0.870443,-0.00326759,-0.482744,0.0963117
0.881559,-0.00684368,-0.462814,0.0927919
0.892227,-0.0100676,-0.442561,0.0892757
0.90242,-0.0128431,-0.42203,0.0858135
0.912123,-0.0152084,-0.401257,0.0824229
0.921331,-0.0173051,-0.380257,0.0790833
0.930035,-0.0191964,-0.359055,0.0758008
0.938226,-0.0209329,-0.337672,0.072606
0.945907,-0.0226188,-0.316109,0.0694539
0.953065,-0.0243079,-0.294401,0.0663659
0.95968,-0.0260605,-0.272624,0.0633338
0.96575,-0.0278487,-0.250819,0.0603375
0.971254,-0.0296869,-0.229099,0.0574201
0.976205,-0.031548,-0.20749,0.0545611
0.9806,-0.0333978,-0.18608,0.0517847
0.984423,-0.0352143,-0.165094,0.0491438
0.987714,-0.0369966,-0.144492,0.0466181
0.990474,-0.0387076,-0.124516,0.044257
0.992759,-0.0403589,-0.105043,0.0420209
0.994581,-0.0419119,-0.0863335,0.0399738
0.995996,-0.0433932,-0.0682403,0.0380994
0.997024,-0.0447628,-0.0510604,0.036489
0.997724,-0.0460284,-0.0345917,0.0351066
0.998123,-0.0471259,-0.0191388,0.0340925
0.998277,-0.0480376,-0.00450654,0.033391
0.998225,-0.0486668,0.00891262,0.0331555
0.998012,-0.049067,0.0213511,0.0332932
0.997687,-0.0491641,0.0324273,0.0339473
0.997281,-0.0490556,0.0424501,0.0349662
0.99684,-0.0487141,0.0510732,0.0364579
0.996378,-0.0482236,0.0586558,0.0382691
0.995936,-0.0475771,0.0648911,0.0404639
0.995513,-0.0468284,0.0701497,0.0429032
0.995142,-0.0459686,0.0741472,0.0456341
0.994812,-0.0450356,0.0772292,0.0485448
0.994552,-0.0440005,0.0791304,0.0516621
0.994342,-0.042893,0.0801908,0.0548895
0.994205,-0.0416944,0.0801867,0.0582146
0.994114,-0.0404497,0.0794312,0.0615769
0.994083,-0.0392097,0.0777594,0.0649191
0.994087,-0.038036,0.0754715,0.0681824
0.994146,-0.0371089,0.0723508,0.0711433
0.994214,-0.0362916,0.0689413,0.0739479
0.994317,-0.0356962,0.0649649,0.0764147
0.994442,-0.0352346,0.0605289,0.0786071
0.994601,-0.0349024,0.0554274,0.0804858
0.994775,-0.0346256,0.0497598,0.0821393
0.994973,-0.0343914,0.0432613,0.0835067
0.995169,-0.034175,0.0360757,0.0846667
0.995364,-0.033961,0.0278489,0.0855715
0.99552,-0.0337368,0.0187559,0.0863095
0.995622,-0.0334478,0.00837526,0.0868794
0.995623,-0.0330741,-0.00306441,0.0873599
0.995479,-0.0325776,-0.016041,0.087771
0.995133,-0.0320369,-0.0302491,0.0881395
0.99451,-0.0314574,-0.0461809,0.0884715
0.993549,-0.0308662,-0.0634451,0.0887826
0.992142,-0.0303198,-0.0824842,0.0890539
0.990237,-0.0298346,-0.102799,0.0892907
0.987711,-0.0295071,-0.124712,0.0894656
0.984535,-0.029376,-0.147674,0.0895556
0.980606,-0.029564,-0.17185,0.0894705
0.975901,-0.0298985,-0.196848,0.0892932
0.970333,-0.0306772,-0.222794,0.0887514
0.963936,-0.0317469,-0.249161,0.0879654
0.956659,-0.0331576,-0.275971,0.0868514
0.94853,-0.0347741,-0.302949,0.0854613
0.939515,-0.0365567,-0.330093,0.0837513
0.929642,-0.0383351,-0.357213,0.0818186
0.918874,-0.0400088,-0.384339,0.0797066
0.907218,-0.0415103,-0.411365,0.0775278
0.894657,-0.0426466,-0.438274,0.0753983
0.881236,-0.0434437,-0.464922,0.0733636
0.866971,-0.043787,-0.491248,0.0715475
0.85193,-0.0437649,-0.517116,0.0699291
0.836216,-0.0432783,-0.542366,0.0686192
0.819912,-0.0424507,-0.566906,0.0675339
0.803196,-0.041148,-0.59053,0.0667603
0.786098,-0.0394506,-0.613277,0.0662213
0.768792,-0.0371085,-0.634994,0.0660681
0.751244,-0.0341871,-0.655804,0.0662198
0.733645,-0.0304359,-0.675554,0.0668236
0.715939,-0.0260122,-0.694379,0.0677644
0.69836,-0.0207228,-0.7121,0.0691171
0.680845,-0.014834,-0.728856,0.0707023
0.663637,-0.00825917,-0.744485,0.072522
0.646601,-0.00126451,-0.759186,0.0744483
0.629947,0.00613449,-0.772841,0.0764586
0.613532,0.0137292,-0.785639,0.0784896
0.59764,0.0214238,-0.797422,0.0805369
0.582155,0.0290527,-0.808353,0.0825642
0.567515,0.0364421,-0.8182,0.0845469
0.553579,0.043381,-0.82715,0.0865512
0.540693,0.0496091,-0.835071,0.0885734
0.528633,0.0552408,-0.842187,0.0906446
0.517735,0.0600846,-0.848363,0.0928428
0.507655,0.0643496,-0.853863,0.0951998
0.498668,0.0678869,-0.858574,0.0978424
0.490474,0.0708974,-0.862707,0.100729
0.483353,0.0732029,-0.866145,0.103941
0.477042,0.0749857,-0.869071,0.107349
0.471871,0.0760754,-0.871345,0.11094
0.467576,0.0766698,-0.873136,0.114578
0.464467,0.0766554,-0.874314,0.118192
0.462265,0.0762493,-0.875032,0.121726
0.461237,0.0753903,-0.875176,0.125078
0.461067,0.0742524,-0.874905,0.128241
0.462027,0.0728089,-0.874095,0.131102
0.463801,0.0711969,-0.872892,0.13371
0.466628,0.0694009,-0.871185,0.135934
0.47022,0.0675099,-0.869101,0.137839
0.474837,0.0655133,-0.866506,0.139303
0.480236,0.063452,-0.863505,0.140381
0.486741,0.0613047,-0.859928,0.140889
0.494098,0.0591116,-0.855871,0.140916
0.502584,0.0568444,-0.851166,0.140338
0.511886,0.0545111,-0.845917,0.139373
0.522247,0.0521307,-0.839944,0.137964
0.533267,0.0497796,-0.833421,0.136225
0.545134,0.0474159,-0.826168,0.134263
0.557585,0.0450705,-0.818286,0.132192
0.570798,0.0428119,-0.809592,0.130068
0.584495,0.0406446,-0.800216,0.127939
0.598834,0.0386273,-0.789981,0.125839
0.613543,0.0367379,-0.779034,0.123779
0.628736,0.0350209,-0.767219,0.121817
0.644184,0.0334174,-0.754672,0.119917
0.659986,0.0319451,-0.741245,0.11813
0.675934,0.0305131,-0.727071,0.116403
0.692094,0.0291,-0.712027,0.11479
0.708256,0.0276649,-0.696261,0.11326
0.724459,0.0261616,-0.679681,0.111844
0.740505,0.0245867,-0.662446,0.110512
0.756376,0.0229223,-0.644531,0.109319
0.771931,0.0212119,-0.626068,0.108219
0.787133,0.0194921,-0.607075,0.107247
0.801895,0.0177737,-0.58766,0.106321
0.816194,0.0160839,-0.56785,0.105429
0.829991,0.0144339,-0.547709,0.104509
0.843276,0.0128383,-0.52727,0.103475
0.856033,0.0112933,-0.506576,0.102277
0.868258,0.00984028,-0.485655,0.100849
0.879963,0.00848319,-0.464489,0.0992081
0.891138,0.0072229,-0.44313,0.0972447
0.901777,0.00598131,-0.421586,0.0950193
0.911874,0.00473591,-0.3999,0.0924256
0.921442,0.00343046,-0.378047,0.0895223
0.930494,0.00201291,-0.356017,0.0861864
0.939028,0.000446811,-0.333797,0.082502
0.947048,-0.00137704,-0.31138,0.0783671
0.954535,-0.00340127,-0.288768,0.0739176
0.961483,-0.00566682,-0.26597,0.0691193
0.96787,-0.00809039,-0.243002,0.0641331
0.973674,-0.0106828,-0.219915,0.0590041
0.978882,-0.0133637,-0.196755,0.0538335
0.983473,-0.0161083,-0.173628,0.0487263
0.987454,-0.0188601,-0.15056,0.0437075
0.99082,-0.0215253,-0.127678,0.0388777
0.993592,-0.0241091,-0.104994,0.0342129
0.995777,-0.0265091,-0.0826838,0.0298188
0.99741,-0.0287433,-0.0607355,0.0256554
0.998512,-0.0307147,-0.0394027,0.0218336
0.999133,-0.0324513,-0.0186054,0.0182992
0.999311,-0.0338347,0.00128273,0.0152058
0.999105,-0.0349037,0.0204012,0.0124654
0.998582,-0.0355017,0.0383161,0.0102454
0.9978,-0.0356954,0.0552159,0.00845085
0.996853,-0.0353437,0.0705867,0.00723779
0.995785,-0.0345468,0.0847223,0.00647144
0.9947,-0.0332052,0.0971019,0.00629927
0.993618,-0.0314724,0.108124,0.00656285
0.99264,-0.0292722,0.117281,0.00740307
0.991752,-0.0267842,0.125041,0.00866243
0.991043,-0.0240234,0.130951,0.0104546
0.99047,-0.0211401,0.135507,0.0126209
0.990105,-0.018197,0.138307,0.0152471
0.989892,-0.0152927,0.139818,0.0181977
0.989887,-0.012524,0.139648,0.0215544
0.990026,-0.00991536,0.138259,0.0251942
0.990347,-0.00762703,0.135295,0.0291681
0.990779,-0.0056188,0.131199,0.0333577
0.991342,-0.00408239,0.125688,0.0377737
0.991964,-0.00295299,0.119197,0.042311
0.992648,-0.00241581,0.111538,0.0469401
0.993327,-0.00242897,0.103139,0.0515597
0.993989,-0.0033372,0.0939916,0.0560316
0.994588,-0.00496684,0.0844856,0.0602655
0.995126,-0.00747578,0.0745451,0.0641175
0.99558,-0.0104709,0.064248,0.067701
0.995951,-0.0139094,0.0534517,0.0709329
0.996214,-0.0175228,0.0422543,0.0739239
0.996371,-0.02124,0.0304848,0.0765792
0.996398,-0.0249414,0.0182567,0.0789693
0.996293,-0.0285349,0.00538179,0.0809722
0.996033,-0.0319766,-0.00800524,0.0826595
0.995605,-0.0351204,-0.0221429,0.0839474
0.994976,-0.037958,-0.0369201,0.084962
0.994109,-0.0403223,-0.0526766,0.0857127
0.992957,-0.0422962,-0.06926,0.0863196
0.99145,-0.0437315,-0.0870657,0.0868005
0.989537,-0.0447732,-0.105856,0.08721
0.987116,-0.0453206,-0.12602,0.0875639
0.984139,-0.0455425,-0.147215,0.087891
0.980483,-0.0454167,-0.169745,0.0881875
0.976121,-0.0451666,-0.193201,0.0884366
0.970933,-0.0448823,-0.217775,0.0885982
0.964923,-0.0446318,-0.243056,0.0886296
0.958013,-0.0444923,-0.269095,0.0884321
0.950249,-0.0444449,-0.295487,0.0879785
0.941596,-0.0445513,-0.322203,0.0871613
0.9321,-0.0447493,-0.348981,0.0860202
0.921766,-0.0450814,-0.375745,0.0844491
0.910637,-0.045463,-0.402318,0.0825393
0.898758,-0.0458397,-0.428604,0.0801994
0.886166,-0.0461515,-0.454496,0.0775484
0.872919,-0.0462983,-0.479903,0.0745832
0.85903,-0.046274,-0.504801,0.0714339
0.844573,-0.0459274,-0.529094,0.0681694
0.829563,-0.0452923,-0.552778,0.0648936
0.8141,-0.0442491,-0.575736,0.0617329
0.7982,-0.0428781,-0.597987,0.0587295
0.782011,-0.0410836,-0.619379,0.0560337
0.765536,-0.0389721,-0.639969,0.0536127
0.748934,-0.0364599,-0.65962,0.0516707
0.732158,-0.0336282,-0.678451,0.050183
0.715353,-0.0303564,-0.696348,0.0494638
0.69844,-0.0267536,-0.713458,0.0494364
0.6815,-0.0225746,-0.729729,0.0504404
0.664465,-0.0179207,-0.745273,0.0522826
0.647508,-0.0127486,-0.759947,0.0552417
0.630631,-0.00736807,-0.773802,0.0589988
0.614165,-0.00191795,-0.786604,0.0636495
0.59807,0.00346801,-0.798476,0.0688222
0.582707,0.00867604,-0.809214,0.0744973
0.567921,0.0136594,-0.819024,0.0804975
0.554055,0.0183832,-0.827742,0.0867685
0.540879,0.0229788,-0.83562,0.0930597
0.528645,0.0274271,-0.842569,0.0992964
0.517111,0.0317766,-0.848813,0.105368
0.506629,0.0360115,-0.854218,0.111092
0.496971,0.0401574,-0.858984,0.116417
0.488484,0.0441947,-0.862995,0.121117
0.480835,0.048143,-0.866472,0.125325
0.474263,0.0520061,-0.86934,0.128909
0.468442,0.0557869,-0.871786,0.132059
0.46356,0.0593775,-0.873758,0.134657
0.459348,0.0627427,-0.875406,0.136844
0.456026,0.0656976,-0.876666,0.138496
0.453379,0.0682667,-0.877646,0.139733
0.451618,0.0702304,-0.878288,0.140423
0.450498,0.071706,-0.878696,0.140724
0.450204,0.0725289,-0.878807,0.140552
0.450498,0.0728892,-0.878706,0.140053
0.451512,0.0726682,-0.878342,0.139185
0.453019,0.0720607,-0.877791,0.138077
0.455141,0.0710117,-0.876989,0.136726
0.4577,0.0697339,-0.87599,0.135236
0.460747,0.068264,-0.874752,0.133644
0.464099,0.0665879,-0.873359,0.131992
0.468002,0.0647862,-0.871658,0.130342
0.472311,0.0629429,-0.869705,0.12874
0.477179,0.0611202,-0.867396,0.127233
0.48247,0.0593355,-0.864799,0.125794
0.488366,0.0576345,-0.861792,0.12446
0.494719,0.0559997,-0.858449,0.123217
0.501676,0.0544563,-0.854659,0.122121
0.509095,0.0529564,-0.850496,0.121133
0.517177,0.0514941,-0.845818,0.120284
0.525773,0.0500471,-0.840699,0.119512
0.535117,0.0485942,-0.83497,0.118804
0.545127,0.0470712,-0.828655,0.118119
0.555963,0.0453723,-0.821618,0.117434
0.567466,0.0434768,-0.813919,0.116741
0.579928,0.0413019,-0.805316,0.11595
0.593105,0.0388903,-0.795911,0.115067
0.607289,0.0361601,-0.78542,0.114053
0.62214,0.0332048,-0.774001,0.112966
0.637901,0.0300064,-0.761363,0.111842
0.65414,0.0266565,-0.747753,0.110706
