0.999998,-0.000715173,0.00149199,0.00101975
0.999993,-0.0014874,0.00285461,0.00198772
0.999985,-0.00232611,0.00396589,0.00290973
0.999976,-0.0032804,0.00482653,0.00381538
0.999965,-0.00436702,0.00541606,0.00469552
0.999953,-0.00549757,0.00580572,0.00556523
0.999939,-0.00666213,0.005976,0.00643233
0.999925,-0.00783601,0.00601492,0.00731133
0.999908,-0.00898623,0.00595527,0.00822428
0.99989,-0.0101051,0.00583435,0.00919144
0.999869,-0.0111382,0.00568125,0.0102384
0.999847,-0.0120883,0.00550238,0.0113595
0.999824,-0.0128952,0.00527658,0.0125846
0.999799,-0.0135541,0.00500243,0.0138934
0.999774,-0.0139983,0.00466731,0.0153342
0.999747,-0.0142685,0.00427514,0.0168701
0.999718,-0.0143215,0.00381458,0.0185688
0.999686,-0.0141909,0.00326752,0.0204188
0.999646,-0.0139786,0.00271486,0.0224743
0.999598,-0.0137534,0.00213067,0.0246934
0.999539,-0.0134451,0.00171304,0.0271826
0.999463,-0.0133306,0.00109148,0.0299059
0.999368,-0.013455,0.000464954,0.0328875
0.999254,-0.0138902,-8.79145e-05,0.0360412
0.999119,-0.0145699,-0.000701861,0.0393607
0.998967,-0.0153865,-0.00135065,0.0427357
0.9988,-0.0162956,-0.00203214,0.0461476
0.998619,-0.017269,-0.00264533,0.0495555
0.998427,-0.0183464,-0.00312988,0.052891
0.998229,-0.0194644,-0.0034523,0.0561113
0.998025,-0.0206665,-0.00365618,0.0592124
0.997816,-0.0219101,-0.00369266,0.0622036
0.99761,-0.0229943,-0.00333617,0.0650647
0.9974,-0.0240313,-0.00283744,0.0678831
0.997202,-0.0247351,-0.00210006,0.0705106
0.997013,-0.0253065,-0.00120868,0.0729592
0.996844,-0.0256723,-7.37306e-05,0.075124
0.996692,-0.0257997,0.00117316,0.0770594
0.996561,-0.0257518,0.00237834,0.0787282
0.996453,-0.0252957,0.0036439,0.0801768
0.996368,-0.0245526,0.00467137,0.0814058
0.99631,-0.0234814,0.00554486,0.0823614
0.996271,-0.0222485,0.00642471,0.0831117
0.996247,-0.0211987,0.00721577,0.0836045
0.996234,-0.0202608,0.00809377,0.0839204
0.996225,-0.0192413,0.00895297,0.0841694
0.996223,-0.0180393,0.0099175,0.0843576
0.996217,-0.0168351,0.0110632,0.0845371
0.996202,-0.0156556,0.01246,0.0847453
0.996178,-0.0144606,0.0140265,0.0849876
0.996146,-0.0131763,0.0157618,0.0852725
0.996109,-0.0118325,0.0175762,0.08555
0.996067,-0.0104162,0.0194396,0.0858128
0.996025,-0.00895801,0.0213098,0.0860226
0.995982,-0.00749787,0.0231669,0.0861798
0.995943,-0.00604882,0.0249753,0.0862443
0.995906,-0.00467587,0.026722,0.0862232
0.995879,-0.00340872,0.0283328,0.0860844
0.99586,-0.0022153,0.0297991,0.0858443
0.995856,-0.00130638,0.0310438,0.0854715
0.995863,-0.00057821,0.0320921,0.0850041
0.995886,-0.000151296,0.0328915,0.0844348
0.995919,2.45817e-05,0.0335098,0.0838049
0.99596,-0.000122081,0.0339479,0.0831354
0.996006,-0.000476698,0.0341905,0.082476
0.996051,-0.00112698,0.0342981,0.081882
0.996088,-0.00189978,0.0344015,0.0813693
0.996117,-0.00292054,0.0343819,0.0809972
0.996135,-0.00407943,0.0343435,0.0807453
0.996133,-0.00540576,0.0343411,0.0806887
0.996115,-0.00681504,0.0344003,0.0807781
0.996073,-0.00833692,0.0345446,0.0810932
0.996011,-0.0099535,0.0347681,0.0815756
0.995924,-0.0117349,0.0350958,0.0822559
0.995819,-0.0136254,0.0354995,0.083064
0.995692,-0.0155982,0.0360062,0.0840087
0.995555,-0.0176141,0.0365075,0.0850158
0.995407,-0.0195894,0.0371061,0.086054
0.995251,-0.021507,0.0377874,0.0870882
0.995085,-0.0231426,0.0387493,0.0881372
0.994926,-0.0245107,0.0394535,0.0892444
0.99478,-0.0254535,0.0401114,0.0903079
0.994645,-0.0261603,0.0407481,0.0913083
0.99452,-0.0265518,0.0414147,0.0922432
0.994407,-0.0266723,0.0421138,0.0931084
0.994313,-0.026391,0.0428629,0.0938539
0.994231,-0.025804,0.0436606,0.0945083
0.994162,-0.0248174,0.0445582,0.0950825
0.994096,-0.0235614,0.0455737,0.0956121
0.994026,-0.0220051,0.0467881,0.0961157
0.993949,-0.0202639,0.0481854,0.096612
0.993843,-0.0183686,0.0500649,0.0971201
0.993725,-0.0162444,0.0520373,0.0976688
0.993587,-0.0139573,0.054083,0.0983121
0.993434,-0.0116056,0.0561513,0.0989988
0.993268,-0.00925195,0.0582327,0.0997095
0.993105,-0.00699422,0.0601071,0.100406
0.992935,-0.00478517,0.0619656,0.10108
0.992758,-0.00266606,0.0638488,0.101724
0.992577,-0.000587551,0.0657192,0.102326
0.992387,0.00146756,0.0676613,0.102896
0.99219,0.00361585,0.0696009,0.103451
0.991985,0.00593265,0.0715036,0.104012
0.991777,0.00844673,0.0732766,0.104579
0.991565,0.011102,0.0749416,0.10516
0.991349,0.0139257,0.0764812,0.105751
0.99113,0.0168541,0.0779258,0.106325
0.990912,0.0198581,0.0792434,0.106863
0.990705,0.0226983,0.0804371,0.107326
0.990516,0.0254924,0.0814267,0.10769
0.990338,0.0282237,0.0823223,0.107968
0.990174,0.0307436,0.0831619,0.108137
0.990022,0.0330701,0.0839593,0.108225
0.989887,0.0351327,0.0846968,0.108238
0.989763,0.0369683,0.0854004,0.108212
0.989663,0.0383981,0.0860027,0.108151
0.989584,0.0394977,0.0865249,0.108063
0.989532,0.0402049,0.0869151,0.10796
0.989502,0.0406262,0.0872003,0.10785
0.989494,0.0407527,0.0873397,0.107765
0.9895,0.0406342,0.0873903,0.107711
0.989524,0.0401147,0.0873486,0.107715
0.989556,0.0392967,0.0872885,0.107774
0.989597,0.0381332,0.0871626,0.107914
0.989642,0.0367481,0.0869878,0.108128
0.989691,0.0351386,0.0867113,0.108437
0.98974,0.0334238,0.0863395,0.10883
0.98979,0.0316493,0.0857641,0.109351
0.98984,0.0298986,0.0850081,0.109987
0.989891,0.0282674,0.0839542,0.110766
0.989943,0.0268054,0.0826362,0.111652
0.989995,0.0256557,0.0809689,0.112674
0.990048,0.0248207,0.0790021,0.113786
0.990102,0.0245068,0.0765934,0.11503
0.990156,0.0246339,0.073784,0.116363
0.990213,0.0253716,0.0703776,0.117819
0.990267,0.0265561,0.0664966,0.119352
0.990313,0.0282971,0.0619785,0.120992
0.990341,0.0303962,0.0569515,0.122711
0.990346,0.032849,0.0512974,0.124518
0.990313,0.0354593,0.0451626,0.126422
0.990237,0.0381355,0.0383597,0.128474
0.990101,0.0408031,0.031144,0.130631
0.989905,0.0433249,0.0232336,0.132937
0.989633,0.045689,0.0147855,0.135356
0.989276,0.0477453,0.00558106,0.137922
0.988819,0.0495153,-0.00422411,0.140599
0.988241,0.0508999,-0.0148235,0.143417
0.987529,0.0519316,-0.0260444,0.146323
0.986663,0.0524566,-0.0380798,0.149314
0.985622,0.0525881,-0.0507533,0.152339
0.984377,0.0522622,-0.064269,0.155369
0.982902,0.0516757,-0.0784425,0.158366
0.98116,0.050805,-0.093436,0.161287
0.979125,0.0498182,-0.109054,0.164132
0.976753,0.0487186,-0.125453,0.166858
0.974026,0.0475931,-0.142423,0.169484
0.970874,0.046521,-0.160156,0.172016
0.967279,0.0455626,-0.178457,0.174494
0.963147,0.0448545,-0.197523,0.176975
0.958468,0.0443705,-0.217151,0.179487
0.953135,0.0442014,-0.237518,0.182112
0.947163,0.0442371,-0.258393,0.18482
0.940455,0.0444606,-0.27991,0.187667
0.933049,0.044742,-0.301825,0.190575
0.924854,0.0450631,-0.324238,0.193608
0.91592,0.0453736,-0.3469,0.196704
0.906178,0.0456605,-0.369855,0.199908
0.895702,0.0458176,-0.392853,0.203189
0.884497,0.0458514,-0.415804,0.206567
0.872598,0.0457587,-0.438627,0.209965
0.860026,0.045475,-0.461249,0.213393
0.846858,0.0450158,-0.483547,0.216766
0.833221,0.0443037,-0.505352,0.220001
0.819171,0.0433935,-0.526629,0.223021
0.804925,0.0421812,-0.547123,0.225773
0.790501,0.0407684,-0.566876,0.228252
0.776063,0.039132,-0.585767,0.230376
0.761609,0.0373019,-0.603863,0.232185
0.747367,0.0353318,-0.621016,0.233523
0.733271,0.0331814,-0.637343,0.234533
0.719593,0.0309163,-0.652684,0.235017
0.706238,0.0286091,-0.667206,0.235044
0.693514,0.0263134,-0.680701,0.234505
0.681258,0.024086,-0.693372,0.233541
0.669778,0.0220202,-0.705002,0.232132
0.658863,0.0200975,-0.715801,0.230488
0.648808,0.0184121,-0.725554,0.228648
0.639406,0.0168422,-0.734471,0.226779
0.63097,0.0155185,-0.742322,0.224931
0.623299,0.0143903,-0.749334,0.223137
0.616711,0.0134685,-0.755287,0.221423
0.611017,0.0126443,-0.760412,0.219712
0.606622,0.0118789,-0.764415,0.218034
0.603235,0.0111222,-0.767575,0.216362
0.601224,0.0103325,-0.769615,0.214746
0.600207,0.00948927,-0.770845,0.213212
0.600452,0.0085761,-0.771039,0.211855
0.601637,0.00760304,-0.770444,0.210691
0.604002,0.00657545,-0.768858,0.209752
0.607226,0.00549966,-0.766542,0.208949
0.611588,0.00431576,-0.763251,0.208302
0.616781,0.00305041,-0.759238,0.207675
0.623171,0.00164117,-0.754174,0.207066
0.630442,0.000140389,-0.748299,0.206378
0.638888,-0.0014884,-0.741323,0.205574
0.648157,-0.00317967,-0.733481,0.204666
0.658463,-0.0049239,-0.724533,0.203603
0.669409,-0.00670297,-0.714745,0.202449
0.681132,-0.00846905,-0.703927,0.201183
0.693283,-0.0102072,-0.692325,0.199848
0.70596,-0.0118558,-0.679766,0.198487
0.718871,-0.0134268,-0.66648,0.197102
0.73206,-0.0148659,-0.652346,0.195735
0.745303,-0.0161521,-0.637559,0.194375
0.75864,-0.0172412,-0.622026,0.193008
0.77192,-0.0182239,-0.605888,0.191588
0.785199,-0.0191198,-0.589049,0.190046
0.798385,-0.0200107,-0.5716,0.188295
0.81156,-0.0210019,-0.553408,0.186195
0.824616,-0.022094,-0.534565,0.183742
0.837643,-0.023321,-0.514898,0.180804
0.850515,-0.0246167,-0.494505,0.177433
0.863327,-0.0260104,-0.473181,0.173465
0.875929,-0.0274937,-0.451044,0.168974
0.888411,-0.0291495,-0.427851,0.163766
0.900588,-0.0309422,-0.403771,0.157964
0.912498,-0.0329193,-0.378593,0.151431
0.923938,-0.0350157,-0.352521,0.144363
0.934907,-0.037227,-0.325386,0.136698
0.945217,-0.0394747,-0.297421,0.128635
0.954836,-0.0417506,-0.268518,0.120174
0.963621,-0.0440389,-0.238908,0.111435
0.971525,-0.0464024,-0.20856,0.102415
0.978443,-0.0488505,-0.177698,0.0932027
0.984322,-0.0514318,-0.146415,0.0838278
0.989106,-0.0540994,-0.114934,0.0743812
0.992768,-0.056802,-0.083454,0.064964
0.995314,-0.0594739,-0.0521336,0.0556352
0.996762,-0.0619879,-0.0213555,0.0465423
0.99718,-0.0642885,0.00877314,0.0377068
0.996661,-0.0662139,0.0377108,0.0293205
0.995326,-0.0677127,0.0654684,0.021341
0.993363,-0.06847,0.0913616,0.0139537
0.990901,-0.0685557,0.115612,0.0070349
0.988197,-0.0677034,0.137416,0.000795087
0.985329,-0.0661177,0.157261,-0.00489412
0.982588,-0.0635917,0.174299,-0.00981836
0.979999,-0.0603711,0.189093,-0.0141521
0.977811,-0.0562872,0.201015,-0.0176427
0.975923,-0.0516979,0.210908,-0.0204607
0.974517,-0.0468172,0.218234,-0.022307
0.973488,-0.0418314,0.223661,-0.02338
0.972958,-0.0371471,0.226772,-0.023414
0.972741,-0.0329596,0.228415,-0.0227095
0.972918,-0.0294582,0.228299,-0.0210479
0.973346,-0.0265167,0.227032,-0.0187501
0.974076,-0.0242484,0.224368,-0.015696
0.97498,-0.0224845,0.220818,-0.0121603
0.976074,-0.0213082,0.216245,-0.00804754
0.977286,-0.0205006,0.210903,-0.00353191
0.978637,-0.0202885,0.204588,0.00143146
0.980049,-0.0204212,0.197594,0.00665265
0.981534,-0.0209314,0.189754,0.0120755
0.983029,-0.021661,0.18132,0.0175503
0.984549,-0.0225399,0.172133,0.0229462
0.986041,-0.0234271,0.162411,0.0282115
0.987526,-0.0242026,0.151999,0.0332056
0.988963,-0.0247448,0.141065,0.0379487
0.990363,-0.0249312,0.129502,0.0422984
0.991684,-0.0248128,0.117482,0.0463088
0.992937,-0.0242663,0.1049,0.0498347
0.994086,-0.0234029,0.0918795,0.0529489
0.995141,-0.0222782,0.07823,0.0554794
0.99605,-0.0210502,0.0642285,0.057581
0.996811,-0.019629,0.0498075,0.0591702
0.997391,-0.0180964,0.0351111,0.0604252
0.997781,-0.0163842,0.0200534,0.0613449
0.997951,-0.0146745,0.00461438,0.0621013
0.997877,-0.0131728,-0.011356,0.0627689
0.997528,-0.0119165,-0.027757,0.063441
0.996872,-0.0110932,-0.0447701,0.0641782
0.995884,-0.0106353,-0.062284,0.0649833
0.994516,-0.0105971,-0.0805081,0.0659028
0.992747,-0.0108664,-0.0992814,0.0669153
0.990519,-0.0114304,-0.11878,0.0680574
0.987817,-0.0122211,-0.138801,0.0693046
0.984575,-0.0132496,-0.159505,0.0706713
0.980799,-0.0143501,-0.180634,0.0720974
0.976429,-0.0154216,-0.202322,0.0735836
0.971465,-0.016416,-0.224375,0.075113
0.965834,-0.0172118,-0.246969,0.0766516
0.959543,-0.0176965,-0.269925,0.0781271
0.952566,-0.0177786,-0.293231,0.079478
0.944922,-0.017523,-0.316708,0.0806898
0.936577,-0.0167981,-0.340407,0.0816392
0.927565,-0.0156929,-0.364138,0.0823396
0.917874,-0.0140209,-0.387904,0.0827117
0.90753,-0.0119014,-0.411564,0.0828436
0.896523,-0.009169,-0.435098,0.0827715
0.884877,-0.00598372,-0.458402,0.0826027
0.872595,-0.0022937,-0.481429,0.0824553
0.859707,0.00171051,-0.504097,0.082386
0.846259,0.00599157,-0.526311,0.0825085
0.832292,0.0103595,-0.548022,0.0827928
0.817923,0.0146963,-0.569077,0.0832857
0.803196,0.0189029,-0.589468,0.0839499
0.788282,0.022965,-0.60901,0.0848039
0.773204,0.0268649,-0.627756,0.0857691
0.758192,0.0305439,-0.645501,0.0868349
0.743228,0.03404,-0.662362,0.0879191
0.728622,0.0373094,-0.67808,0.0890245
0.714319,0.040394,-0.692819,0.0901016
0.700681,0.043219,-0.706319,0.0910566
0.687566,0.0458607,-0.718827,0.0918581
0.675316,0.0482841,-0.730116,0.0924525
0.663685,0.0505923,-0.74049,0.0929423
0.652883,0.0528126,-0.749817,0.0934246
0.642618,0.0549999,-0.758414,0.0939469
0.632998,0.0571612,-0.766216,0.0946535
0.623875,0.0592711,-0.77339,0.09558
0.615181,0.0612771,-0.780009,0.0968697
0.606783,0.0632426,-0.786224,0.0983183
0.598824,0.065114,-0.791953,0.099903
0.591222,0.0668864,-0.797295,0.101505
0.584182,0.0684634,-0.802131,0.103104
0.577595,0.0698561,-0.806563,0.104692
0.571661,0.0709885,-0.810475,0.106275
0.566247,0.0719013,-0.813981,0.107845
0.561557,0.0725268,-0.816959,0.109414
0.557428,0.0728531,-0.819526,0.111099
0.553974,0.0728979,-0.821631,0.112789
0.551041,0.0727493,-0.823388,0.114431
0.548859,0.0723503,-0.824668,0.115943
0.547311,0.0717385,-0.825559,0.117291
0.546728,0.0708655,-0.82588,0.118273
0.546949,0.0697915,-0.825731,0.118933
0.548316,0.0683789,-0.824904,0.119198
0.550642,0.0667644,-0.823502,0.119079
0.554335,0.0648344,-0.821265,0.118459
0.55911,0.0627044,-0.818351,0.117326
0.565414,0.0601677,-0.814446,0.115607
0.572867,0.0573256,-0.809739,0.113401
0.58193,0.0539732,-0.803878,0.110562
0.592176,0.0501895,-0.797059,0.107265
0.604051,0.0458522,-0.788885,0.10334
0.617058,0.0411139,-0.779587,0.0989645
0.63151,0.0359216,-0.768794,0.0941264
0.64687,0.0304751,-0.756767,0.0890685
0.663353,0.0248476,-0.743174,0.0838867
0.680435,0.0191988,-0.728314,0.0787333
0.698225,0.0136849,-0.711934,0.073783
0.716282,0.00838654,-0.694333,0.0690762
0.734629,0.00344659,-0.67536,0.0647829
0.752909,-0.00120692,-0.655307,0.0608168
0.771091,-0.00545418,-0.634115,0.0573247
0.788918,-0.00936398,-0.612031,0.0542131
0.806346,-0.0127367,-0.589053,0.0515821
0.823211,-0.015687,-0.565376,0.0492702
0.839442,-0.0180956,-0.541078,0.0473703
0.85496,-0.0201477,-0.516281,0.0457335
0.869719,-0.0217998,-0.49106,0.0444392
0.883697,-0.0231961,-0.465468,0.0433797
0.896861,-0.0243789,-0.439582,0.0425971
0.909227,-0.0254559,-0.413396,0.0419783
0.920773,-0.0264764,-0.386974,0.0415446
0.931525,-0.0275256,-0.360287,0.0411945
0.941484,-0.0286796,-0.333337,0.0408794
0.950665,-0.0299804,-0.306096,0.0405301
0.959073,-0.0315387,-0.278529,0.0400743
0.966703,-0.0332918,-0.250633,0.0395074
0.973554,-0.0353178,-0.222358,0.0387496
0.979601,-0.037546,-0.19376,0.0378144
0.984829,-0.0400044,-0.164831,0.0366449
0.989206,-0.042612,-0.135677,0.0353071
0.992716,-0.0453595,-0.106382,0.0337691
0.995346,-0.0481638,-0.07704,0.0321006
0.997096,-0.0508758,-0.0478903,0.0302897
0.997987,-0.0534131,-0.0190473,0.0283822
0.998063,-0.0555864,0.00913317,0.0263831
0.997383,-0.057389,0.0366207,0.0243341
0.996045,-0.0586473,0.0629237,0.0222726
0.994131,-0.0594117,0.0881192,0.0202245
0.991804,-0.0594664,0.111608,0.0182519
0.989146,-0.0589257,0.133605,0.0163722
0.986374,-0.057598,0.153406,0.014673
0.983539,-0.0556574,0.171409,0.0131444
0.980893,-0.0529402,0.186829,0.0119058
0.97844,-0.0496295,0.200181,0.0109241
0.976427,-0.0456407,0.210712,0.0103462
0.974778,-0.0412543,0.219099,0.0101116
0.973695,-0.036516,0.224673,0.0103632
0.973042,-0.0316393,0.228183,0.0110002
0.97297,-0.0267539,0.229053,0.0121498
0.973313,-0.0219555,0.22802,0.0136698
0.974176,-0.0173433,0.22458,0.0156175
0.975375,-0.012921,0.219449,0.0178315
0.976965,-0.00884772,0.212243,0.0203502
0.978768,-0.00510762,0.203605,0.0230621
0.980812,-0.00186784,0.193207,0.026001
0.982948,0.00101647,0.181565,0.0290852
0.985193,0.00343033,0.168345,0.0323035
0.98742,0.005499,0.153967,0.0355774
0.989624,0.00720508,0.138123,0.0389162
0.991686,0.00871113,0.121214,0.0422981
0.993584,0.00995171,0.102969,0.0457026
0.995214,0.0109987,0.0837708,0.0490967
0.996537,0.0118063,0.0634396,0.0524494
0.99747,0.0124367,0.042356,0.055724
0.997975,0.0128954,0.0204124,0.058852
0.998,0.0130633,-0.00201923,0.0618235
0.997514,0.0130337,-0.0249381,0.0646091
0.996497,0.0128117,-0.0480328,0.0672476
0.994953,0.0123032,-0.0711704,0.0696534
0.992889,0.0115731,-0.0942071,0.0718553
0.990332,0.0105824,-0.11697,0.0738158
0.987298,0.00943575,-0.139433,0.0755795
0.983831,0.00807167,-0.161439,0.077134
0.979943,0.0066084,-0.18303,0.0785347
0.97568,0.00508042,-0.204116,0.0797395
0.971037,0.00362759,-0.224819,0.080805
0.966042,0.00208896,-0.245103,0.0817537
0.960638,0.000507296,-0.265227,0.0826352
0.954815,-0.000944853,-0.28525,0.0834219
0.94855,-0.00226691,-0.305242,0.0841162
0.941777,-0.00352007,-0.325373,0.0847084
0.934465,-0.00476323,-0.345677,0.0852077
0.926508,-0.00595725,-0.366363,0.0855874
0.917904,-0.00709144,-0.387342,0.0858351
0.908548,-0.00813618,-0.408774,0.0858921
0.898468,-0.00909765,-0.430482,0.0857798
0.887546,-0.0099667,-0.452607,0.0854965
0.875832,-0.0107674,-0.474929,0.0851121
0.863227,-0.0114819,-0.49753,0.0846803
0.849793,-0.0120856,-0.520197,0.0842698
0.835473,-0.0124919,-0.542929,0.0840084
0.820347,-0.0127448,-0.565531,0.0839227
0.804415,-0.0127956,-0.58794,0.0841416
0.787788,-0.0127194,-0.609976,0.0846056
0.770573,-0.0125564,-0.631478,0.0854109
0.752892,-0.0123456,-0.652332,0.0863949
0.734979,-0.0122148,-0.672305,0.0875329
0.716904,-0.0121421,-0.6914,0.0887025
0.698941,-0.0121054,-0.709399,0.0899377
0.681051,-0.0120496,-0.726429,0.0912425
0.66346,-0.0118411,-0.742358,0.0926558
0.646028,-0.0114396,-0.757402,0.0941218
0.62898,-0.0107664,-0.771428,0.0957391
0.612169,-0.00982885,-0.784642,0.0974138
0.595896,-0.0085484,-0.796879,0.0990897
0.580076,-0.00705869,-0.808295,0.100609
0.56507,-0.00531167,-0.818726,0.101764
0.55074,-0.00337114,-0.828345,0.102562
0.537486,-0.00115871,-0.836978,0.102837
0.525074,0.00124812,-0.844829,0.102764
0.513906,0.00390145,-0.851714,0.102313
0.503785,0.00669032,-0.857791,0.10174
0.495002,0.00954385,-0.862928,0.10118
0.487288,0.0124192,-0.867336,0.100621
0.481142,0.0152414,-0.870777,0.100087
0.476266,0.0179522,-0.873462,0.0995674
0.473224,0.0203977,-0.875119,0.0990451
0.471642,0.022555,-0.875982,0.0984881
0.472058,0.0242422,-0.875784,0.0978535
0.47395,0.0255216,-0.874802,0.0971645
0.477774,0.0262149,-0.872778,0.096461
0.482979,0.0264521,-0.869975,0.095785
0.489967,0.0260634,-0.866139,0.0951607
0.498248,0.0251961,-0.861493,0.0945705
0.508232,0.0236458,-0.855752,0.0939718
0.519457,0.0215714,-0.849112,0.0933168
0.532281,0.0188051,-0.841286,0.0925208
0.546151,0.0155141,-0.832516,0.0916276
0.561396,0.0115551,-0.822484,0.0906753
0.577531,0.00716166,-0.811397,0.08967
0.594769,0.00233599,-0.798995,0.0886095
0.612619,-0.0027008,-0.785512,0.0875328
0.631223,-0.0078696,-0.770718,0.0865368
0.650185,-0.0129875,-0.754824,0.0856197
0.669572,-0.0178499,-0.737667,0.0848703
0.688999,-0.0223942,-0.719496,0.084288
0.708464,-0.0263924,-0.70023,0.0840194
0.727706,-0.029907,-0.68007,0.0839878
0.746699,-0.0327018,-0.658993,0.0842519
0.765276,-0.0349479,-0.637155,0.0846462
0.783445,-0.0365059,-0.614518,0.0851379
0.801111,-0.0376057,-0.591172,0.0855741
0.818304,-0.0381959,-0.567056,0.0858292
0.834953,-0.0384903,-0.54222,0.0858477
0.851086,-0.0385474,-0.516584,0.0854822
0.866616,-0.0385104,-0.490215,0.0847492
0.881566,-0.0384942,-0.463019,0.0835067
0.895823,-0.0386245,-0.435097,0.0818509
0.90941,-0.0390182,-0.406336,0.0796364
0.922227,-0.0396438,-0.37683,0.0769733
0.934258,-0.040632,-0.346511,0.0737584
0.945383,-0.0419042,-0.315554,0.0701487
0.955555,-0.0436089,-0.283984,0.0660787
0.964675,-0.0456192,-0.252017,0.0617124
0.972684,-0.0479404,-0.219849,0.0570468
0.979555,-0.0503464,-0.187648,0.0521968
0.985262,-0.0528117,-0.155696,0.0472006
0.98983,-0.0551683,-0.124165,0.042148
0.993268,-0.0573326,-0.0935554,0.0371279
0.995676,-0.0592935,-0.0638521,0.0322077
0.997119,-0.0609358,-0.0357706,0.0275725
0.99775,-0.0621988,-0.00929605,0.023234
0.997704,-0.0631444,0.0148886,0.0194461
0.997141,-0.0638494,0.037036,0.0161542
0.996267,-0.0641544,0.0561395,0.0136148
0.99522,-0.0640822,0.0727607,0.0116926
0.994222,-0.0634938,0.0858888,0.0106673
0.993331,-0.0625423,0.09631,0.0103529
0.992733,-0.0611484,0.10306,0.0110248
0.992392,-0.0595004,0.107068,0.0124331
0.992427,-0.0575726,0.107492,0.0148089
0.992729,-0.0554488,0.105333,0.0178749
0.993335,-0.053138,0.0999326,0.0217867
0.99409,-0.0507723,0.0922878,0.0262575
0.99496,-0.0484529,0.0819887,0.0313736
0.995789,-0.0462819,0.0700102,0.0368984
0.996503,-0.0445012,0.0563035,0.0427923
0.997003,-0.0431546,0.0417175,0.0488193
0.997229,-0.0426202,0.0267338,0.0547963
0.99717,-0.042914,0.0119606,0.0605536
0.996835,-0.0447598,-0.00174824,0.0656856
0.996292,-0.0479179,-0.0140228,0.0700709
0.995614,-0.0526654,-0.0241622,0.0734569
0.994854,-0.0581001,-0.0328136,0.0762398
0.994079,-0.0639477,-0.0396915,0.078378
0.993311,-0.0697916,-0.045361,0.0800365
0.992618,-0.0753991,-0.0496152,0.0810148
0.991996,-0.0806673,-0.0529675,0.081435
0.991503,-0.0852033,-0.0554524,0.081162
0.991107,-0.088982,-0.0575844,0.0804602
0.990828,-0.0916437,-0.0596689,0.0793773
0.990619,-0.0933622,-0.0620567,0.0781387
0.990476,-0.0937896,-0.065235,0.0768449
0.990353,-0.0932555,-0.0692179,0.0755913
0.990208,-0.0915335,-0.0745417,0.0745251
0.989998,-0.0889864,-0.080979,0.0736752
0.989647,-0.0854779,-0.0890517,0.0732302
0.989115,-0.0813309,-0.0984025,0.0731694
0.988286,-0.0765626,-0.109511,0.0737316
0.987126,-0.0715236,-0.121952,0.0747912
0.985499,-0.0663999,-0.136121,0.0765132
0.983398,-0.0613882,-0.15156,0.0786743
0.98067,-0.0570163,-0.168558,0.0813863
0.977356,-0.0532702,-0.186576,0.0844206
0.97333,-0.0506588,-0.205825,0.0877413
0.968658,-0.0489847,-0.225816,0.0911553
0.96325,-0.0486629,-0.246651,0.0945719
0.957173,-0.0493182,-0.26796,0.0979058
0.950377,-0.0511661,-0.289753,0.101042
0.942937,-0.0537938,-0.311723,0.103947
0.934868,-0.0573361,-0.333756,0.106493
0.926243,-0.0614373,-0.355637,0.108725
0.917126,-0.0661068,-0.377209,0.110558
0.907544,-0.0710072,-0.398436,0.112117
0.897489,-0.0761335,-0.419338,0.113457
0.887009,-0.0811376,-0.439864,0.114677
0.876133,-0.0856666,-0.460049,0.115793
0.864852,-0.0897109,-0.479917,0.116881
0.853213,-0.0929842,-0.499459,0.117992
0.841212,-0.0956303,-0.518685,0.119096
0.828932,-0.0974094,-0.537521,0.120228
0.816381,-0.0985504,-0.555956,0.121339
0.803667,-0.0988664,-0.573901,0.122404
0.790792,-0.098586,-0.591358,0.123391
0.777887,-0.0975724,-0.608222,0.124248
0.764901,-0.0960322,-0.624571,0.124958
0.751965,-0.0938732,-0.64031,0.125458
0.738978,-0.0912373,-0.655562,0.125801
0.726019,-0.0879867,-0.670281,0.126009
0.713015,-0.0843068,-0.684539,0.126127
0.700062,-0.0801347,-0.698265,0.126165
0.687086,-0.0756748,-0.711527,0.126157
0.674189,-0.0709494,-0.724235,0.126172
0.661316,-0.0661217,-0.736448,0.126225
0.648629,-0.0613134,-0.748031,0.126372
0.636125,-0.0566389,-0.759025,0.126565
0.624088,-0.052326,-0.769222,0.126782
0.612508,-0.0483755,-0.778699,0.126971
0.601764,-0.0449943,-0.787209,0.12711
0.591746,-0.0420432,-0.794915,0.127198
0.582791,-0.0396793,-0.801607,0.127305
0.57465,-0.0377272,-0.807531,0.127467
0.567646,-0.0362883,-0.812487,0.127774
0.561549,-0.0351453,-0.816702,0.128165
0.556708,-0.0342798,-0.819974,0.12862
0.552826,-0.0335577,-0.822553,0.129088
0.550215,-0.0329905,-0.824247,0.129583
0.54855,-0.0324995,-0.825299,0.13007
0.54812,-0.0321105,-0.82553,0.130516
0.548596,-0.0317766,-0.825163,0.130916
0.550228,-0.031531,-0.82403,0.131261
0.552707,-0.0313656,-0.822331,0.131539
0.556346,-0.0313356,-0.819851,0.13169
0.56096,-0.0314761,-0.816691,0.131717
0.56698,-0.0317932,-0.812561,0.131402
0.574081,-0.0322639,-0.807646,0.13076
0.582646,-0.0329944,-0.801627,0.129728
0.592312,-0.0339045,-0.794691,0.128387
0.603469,-0.0350213,-0.786482,0.126664
0.615697,-0.0362579,-0.777214,0.124663
0.628934,-0.0375831,-0.76684,0.122416
0.643518,-0.038996,-0.754979,0.119878
0.658988,-0.0404398,-0.741877,0.117125
0.675636,-0.0418855,-0.727156,0.114043
0.693347,-0.0433004,-0.710747,0.110606
0.711612,-0.0446373,-0.692963,0.106858
0.730327,-0.0458791,-0.673755,0.102817
0.749664,-0.0469777,-0.652773,0.0984144
0.769442,-0.0478688,-0.629997,0.0936591
0.789225,-0.0485726,-0.605729,0.0886417
0.808855,-0.0490693,-0.579992,0.083393
0.828344,-0.0493204,-0.552581,0.0778962
0.847318,-0.0493887,-0.523831,0.0722011
0.865747,-0.04925,-0.493624,0.0662695
0.883335,-0.0489249,-0.462287,0.0601387
0.900031,-0.0483424,-0.429782,0.053812
0.915622,-0.047537,-0.396402,0.0473445
0.929988,-0.0464913,-0.362351,0.0407766
0.943008,-0.0452408,-0.327905,0.034166
0.954605,-0.0437139,-0.293365,0.0275011
0.964753,-0.0419982,-0.258947,0.0208214
0.973396,-0.0400287,-0.225156,0.0142332
0.980642,-0.0377675,-0.191976,0.00773552
0.986477,-0.0351402,-0.160084,0.00148632
0.991062,-0.0321639,-0.129387,-0.00445191
0.994451,-0.0287928,-0.100701,-0.00989039
0.996849,-0.0251178,-0.0737604,-0.014874
0.998369,-0.0210455,-0.0494795,-0.019189
0.999222,-0.0167475,-0.0273771,-0.0229465
0.999554,-0.0122446,-0.00841675,-0.0258978
0.99954,-0.00766266,0.00811175,-0.0282088
0.999332,-0.00305174,0.0212573,-0.0295727
0.999035,0.00152362,0.0318649,-0.0301884
0.998773,0.00594564,0.0391618,-0.029733
0.998571,0.0101878,0.0440917,-0.0284406
0.998498,0.0139715,0.0461321,-0.026038
0.998521,0.0172285,0.0462363,-0.0228414
0.998657,0.0196297,0.0441451,-0.0187185
0.998844,0.0212802,0.0407569,-0.0140192
0.999072,0.0218253,0.0360935,-0.00873171
0.99929,0.0214736,0.0307851,-0.00313608
0.999487,0.0198519,0.0249987,0.00268499
0.999632,0.017259,0.0191321,0.00849974
0.999721,0.0133923,0.0134371,0.0140724
0.999745,0.00856685,0.00802945,0.0193134
0.999705,0.00257658,0.00310337,0.0239709
0.999596,-0.00416101,-0.00140033,0.0280819
0.999425,-0.0117074,-0.0052925,0.0313751
0.999189,-0.0196817,-0.00872481,0.0340223
0.998904,-0.0278912,-0.0115347,0.0357862
0.998571,-0.0360306,-0.013909,0.0369308
0.998218,-0.0437911,-0.015769,0.0373429
0.99785,-0.0510254,-0.0173242,0.0373125
0.997507,-0.0572143,-0.0186339,0.0368567
0.997195,-0.0624107,-0.0199189,0.0361955
0.996959,-0.0660601,-0.0213686,0.0353842
0.996787,-0.0684521,-0.023134,0.0345571
0.996704,-0.0691287,-0.0256111,0.0338738
0.996668,-0.0685674,-0.0288864,0.0334173
0.996669,-0.0664249,-0.0335124,0.0334087
0.996647,-0.0632403,-0.0393922,0.0338154
0.996542,-0.0589312,-0.0471108,0.0348209
0.996295,-0.0539889,-0.0562772,0.036256
0.995823,-0.0485529,-0.0672488,0.0381693
0.995093,-0.0429424,-0.0794633,0.0403907
0.994,-0.0374469,-0.0933773,0.0429154
0.992512,-0.0323308,-0.108604,0.0456111
0.990537,-0.0279994,-0.125318,0.0484564
0.988078,-0.0243925,-0.14308,0.0513355
0.985049,-0.0218067,-0.162056,0.0542232
0.981472,-0.0200479,-0.18181,0.0570694
0.977273,-0.0194486,-0.202439,0.0598168
0.972492,-0.0197261,-0.223539,0.0624487
0.967084,-0.0211117,-0.245135,0.0648925
0.961086,-0.0232267,-0.266949,0.0671735
0.954476,-0.0261595,-0.288961,0.0692311
0.947267,-0.0295548,-0.311054,0.0711156
0.939449,-0.0333729,-0.333198,0.0728128
0.931038,-0.0373575,-0.355297,0.0744114
0.922015,-0.0412322,-0.37739,0.0759315
0.912394,-0.0448392,-0.399414,0.0774266
0.90216,-0.0479147,-0.421397,0.0789691
0.891343,-0.0505,-0.443249,0.0805486
0.879971,-0.0523828,-0.464925,0.0821692
0.868085,-0.0537415,-0.486337,0.0837683
0.855739,-0.0544214,-0.507421,0.0852801
0.842942,-0.0545897,-0.52816,0.0866989
0.829723,-0.0541032,-0.54854,0.087951
0.81607,-0.0531409,-0.568577,0.0890311
0.802016,-0.0515351,-0.588257,0.0898251
0.787559,-0.0494284,-0.607575,0.0903329
0.772772,-0.0467008,-0.626466,0.0904613
0.757648,-0.0435412,-0.644918,0.0902996
0.742282,-0.039899,-0.662845,0.0897848
0.726678,-0.0359399,-0.680237,0.0890256
0.710964,-0.0316635,-0.69698,0.0880182
0.695104,-0.0272266,-0.713119,0.0868944
0.679215,-0.0226547,-0.728555,0.0857956
0.663211,-0.0180054,-0.743387,0.0848658
0.647179,-0.0132789,-0.757537,0.0843857
0.631092,-0.00850412,-0.77106,0.0843593
0.615125,-0.00374859,-0.78382,0.0850445
0.599257,0.000927699,-0.795893,0.0862791
0.583713,0.00541505,-0.807128,0.0882813
0.568421,0.00969514,-0.81765,0.090844
0.553666,0.0136439,-0.827295,0.0940778
0.539368,0.0173888,-0.836216,0.0975823
0.525682,0.020763,-0.844363,0.101388
0.512449,0.0238461,-0.851903,0.105306
0.499881,0.0265322,-0.858767,0.109242
0.487807,0.0289428,-0.865113,0.11308
0.476463,0.0309953,-0.870869,0.116659
0.465694,0.0328009,-0.876165,0.119952
0.455789,0.0342959,-0.880911,0.122785
0.446569,0.0355539,-0.885228,0.125233
0.43836,0.0365032,-0.889008,0.127173
0.430961,0.0372125,-0.892365,0.128732
0.424756,0.0376014,-0.895164,0.129811
0.419516,0.0377633,-0.897519,0.130537
0.41565,0.0376316,-0.899276,0.130849
0.412875,0.0372926,-0.900561,0.130894
0.411625,0.0366901,-0.9012,0.130607
0.411593,0.0358907,-0.901319,0.130105
0.413305,0.0348156,-0.900692,0.129314
0.41642,0.0335266,-0.899446,0.128321
0.421507,0.0319397,-0.89731,0.127073
0.428124,0.0301313,-0.894432,0.125675
0.436795,0.028042,-0.890514,0.124133
0.446944,0.0257716,-0.885753,0.122551
0.458969,0.0233271,-0.879868,0.120975
0.472275,0.0207977,-0.87308,0.119398
0.48718,0.0181694,-0.865125,0.117829
0.503175,0.0154943,-0.8562,0.116173
0.520578,0.0127544,-0.846028,0.114335
0.538885,0.0099139,-0.834801,0.112301
0.558355,0.00689102,-0.822257,0.109939
0.578531,0.00367727,-0.808563,0.107308
0.599614,0.00017389,-0.793458,0.104341
0.621129,-0.00355026,-0.77715,0.101115
0.643201,-0.00755574,-0.759408,0.0976462
0.665386,-0.0117477,-0.740461,0.0940246
0.68773,-0.0161071,-0.720154,0.0902593
0.709887,-0.0205222,-0.698699,0.0863609
0.731852,-0.0249029,-0.676016,0.0823166
0.753352,-0.0291851,-0.652307,0.0781354
0.774363,-0.0332541,-0.627543,0.073791
0.794709,-0.0371281,-0.60188,0.0692812
0.814359,-0.0407298,-0.575321,0.0645451
0.833192,-0.0441321,-0.54799,0.0595758
0.851189,-0.0473007,-0.519895,0.0542978
0.868267,-0.050315,-0.491123,0.0487798
0.884367,-0.0532046,-0.461754,0.0429789
0.899431,-0.0560071,-0.431878,0.0369881
0.913381,-0.0587734,-0.401661,0.0307936
0.926194,-0.0615125,-0.371191,0.0244732
0.937805,-0.06427,-0.340685,0.0180321
0.948237,-0.0670389,-0.310192,0.0115487
0.957433,-0.0698079,-0.280041,0.00508744
0.965463,-0.0725392,-0.250236,-0.00127475
0.97229,-0.0751778,-0.221238,-0.00737664
0.978029,-0.0776743,-0.19301,-0.0131757
0.982686,-0.0799155,-0.166137,-0.0184595
0.986419,-0.0819006,-0.140461,-0.0232635
0.989274,-0.083467,-0.116714,-0.0273434
0.991433,-0.0846584,-0.0945673,-0.0308249
0.992981,-0.0852941,-0.0747881,-0.0334564
0.994084,-0.0854825,-0.0568869,-0.0354101
0.994842,-0.085048,-0.0415842,-0.0364387
0.995375,-0.0841436,-0.0282559,-0.0367465
0.995773,-0.0826218,-0.0175714,-0.0360742
0.996102,-0.0806408,-0.00879826,-0.0346605
0.99642,-0.0781056,-0.00244321,-0.0322488
0.99674,-0.0752216,0.00219542,-0.0290899
0.997079,-0.0720293,0.00464425,-0.0249876
0.997413,-0.0687449,0.00556944,-0.0202567
0.997724,-0.0656019,0.00474535,-0.0148805
0.997982,-0.0627505,0.00291852,-0.00922453
0.998157,-0.0605818,0.000127986,-0.00349555
0.998246,-0.0590895,-0.00312574,0.00210389
0.998231,-0.0586271,-0.0066486,0.00732683
0.998135,-0.0589622,-0.0101464,0.0121333
0.997956,-0.0603547,-0.0133398,0.0162321
0.99772,-0.0624821,-0.0161493,0.0197317
0.997433,-0.065489,-0.0183464,0.0224005
0.997113,-0.0690257,-0.0200893,0.0244544
0.996768,-0.0730912,-0.0212349,0.0257105
0.996408,-0.0774013,-0.0219826,0.0263843
0.996054,-0.0817516,-0.0223164,0.026372
0.995712,-0.0859207,-0.0224658,0.0259101
0.995414,-0.0895374,-0.0225606,0.0249908
0.995164,-0.0925218,-0.0227938,0.023843
0.995001,-0.094398,-0.0234888,0.022584
0.994909,-0.0953135,-0.0247755,0.021384
0.994912,-0.0948422,-0.0271636,0.020451
0.994968,-0.0933219,-0.0306102,0.019839
0.995059,-0.0904886,-0.0357517,0.0197871
0.995121,-0.0868043,-0.0423142,0.0202406
0.995082,-0.0822271,-0.050924,0.0213857
0.994873,-0.0772214,-0.0611065,0.0230408
0.994382,-0.0720087,-0.0733363,0.0253026
0.993569,-0.0667891,-0.0870601,0.0279383
0.992312,-0.0618922,-0.102599,0.0309878
0.990582,-0.0574433,-0.119454,0.0343215
0.988244,-0.0537558,-0.137994,0.03797
0.98531,-0.0506715,-0.15765,0.04175
0.981675,-0.0484802,-0.17856,0.0456058
0.977373,-0.0470109,-0.200213,0.0494554
0.972328,-0.0465287,-0.22267,0.0532174
0.966582,-0.0467792,-0.245555,0.0568671
0.960093,-0.0479177,-0.268854,0.0603567
0.952905,-0.049631,-0.292316,0.0637203
0.944998,-0.0519218,-0.315906,0.0669772
0.936417,-0.0545204,-0.339444,0.0702069
0.927171,-0.0573289,-0.362868,0.0734474
0.91731,-0.0601413,-0.386055,0.0767253
0.906885,-0.0627448,-0.408912,0.080082
0.895932,-0.0650532,-0.431392,0.0835196
0.884537,-0.0667956,-0.453381,0.0870557
0.872726,-0.0680083,-0.47488,0.0906235
0.860596,-0.0684133,-0.495795,0.0942448
0.848092,-0.068136,-0.516245,0.0979202
0.835239,-0.0668874,-0.536241,0.101727
0.821975,-0.0648589,-0.555868,0.105647
0.808316,-0.0618206,-0.575123,0.109714
0.794248,-0.058067,-0.594006,0.113825
0.779834,-0.053554,-0.612442,0.117925
0.765095,-0.0485963,-0.630406,0.121887
0.750142,-0.0432714,-0.64781,0.125531
0.735001,-0.0377893,-0.664643,0.128823
0.719834,-0.0322259,-0.680794,0.131605
0.704588,-0.0266436,-0.696341,0.134
0.689397,-0.0210902,-0.711195,0.135974
0.674209,-0.0155923,-0.725424,0.137696
0.659205,-0.0102028,-0.738896,0.139202
0.644355,-0.00493837,-0.751669,0.140626
0.629902,0.000103479,-0.763572,0.142062
0.615893,0.00494089,-0.774622,0.14357
0.602566,0.00940173,-0.784681,0.145262
0.589807,0.0135055,-0.793909,0.147155
0.577984,0.0171,-0.802092,0.1493
0.566903,0.0203059,-0.809455,0.151631
0.556907,0.0229825,-0.815812,0.1542
0.547717,0.0252834,-0.821426,0.156928
0.539652,0.0271072,-0.826128,0.159855
0.532431,0.0285911,-0.83016,0.162894
0.52639,0.0296108,-0.833358,0.165987
0.521265,0.0302836,-0.835935,0.16905
0.51744,0.030478,-0.837705,0.17198
0.514661,0.0302974,-0.838859,0.174705
0.513353,0.0295924,-0.839191,0.177061
0.513183,0.0284641,-0.838908,0.179073
0.514639,0.0267326,-0.83776,0.180528
0.517405,0.0245336,-0.835919,0.181467
0.521993,0.0216971,-0.833099,0.181655
0.527974,0.0184051,-0.829485,0.181268
0.535821,0.0145514,-0.824751,0.180195
0.545008,0.0103442,-0.819109,0.178663
0.555915,0.00579658,-0.812229,0.176661
0.568004,0.00112376,-0.804345,0.174354
0.581448,-0.00362809,-0.795227,0.171809
0.59582,-0.00834196,-0.785045,0.169213
0.61131,-0.0128644,-0.773542,0.166635
0.627425,-0.0171491,-0.760995,0.164105
0.644269,-0.0210295,-0.747212,0.161706
0.661433,-0.0245573,-0.732453,0.159423
0.678947,-0.027571,-0.716604,0.157321
0.696508,-0.0301888,-0.699886,0.155322
0.714121,-0.0323348,-0.682238,0.153419
0.731571,-0.0341899,-0.663839,0.1515
0.748882,-0.0357428,-0.644637,0.149472
0.765912,-0.0371502,-0.624743,0.147293
0.78265,-0.0384885,-0.604136,0.144907
0.79899,-0.0398503,-0.582898,0.142325
0.814956,-0.0413419,-0.560965,0.139486
0.8305,-0.0429773,-0.538351,0.136384
0.84571,-0.0449266,-0.514863,0.132937
0.860499,-0.0471489,-0.490544,0.12917
0.874901,-0.0497823,-0.465239,0.124987
0.888783,-0.0526951,-0.43907,0.120443
0.902148,-0.0559599,-0.411905,0.115464
0.914829,-0.0594217,-0.383958,0.11015
0.92679,-0.0630568,-0.355202,0.104475
0.937892,-0.0667262,-0.325871,0.0985656
0.948083,-0.0703702,-0.296039,0.0924553
0.957287,-0.073911,-0.265902,0.0862314
0.965468,-0.0772647,-0.235606,0.0799444
0.972616,-0.0804201,-0.205254,0.0736314
0.978709,-0.0832256,-0.175107,0.0673808
0.983784,-0.0856728,-0.145188,0.061234
0.98784,-0.0876232,-0.115895,0.0553346
0.990935,-0.0892159,-0.0872825,0.0497076
0.993111,-0.0903148,-0.0599357,0.0445146
0.994488,-0.0910073,-0.0337307,0.0396796
0.995162,-0.0911754,-0.00936731,0.0353929
0.995268,-0.0909138,0.0133964,0.0315638
0.994954,-0.0900932,0.0337925,0.028438
0.994338,-0.088824,0.05226,0.0258994
0.993593,-0.08693,0.0680501,0.0241901
0.992786,-0.0845501,0.0818012,0.0231349
0.992067,-0.0815701,0.0928476,0.022997
0.991433,-0.078199,0.101937,0.0235521
0.990984,-0.0744435,0.108545,0.0250286
0.990674,-0.0704162,0.113438,0.027181
0.990566,-0.0662949,0.116079,0.0301643
0.990567,-0.0622621,0.117321,0.0337164
0.990684,-0.0585157,0.116975,0.0379231
0.990842,-0.0551402,0.115684,0.0425352
0.991007,-0.0525676,0.113496,0.0475355
0.991124,-0.0509137,0.110944,0.05266
0.99114,-0.0507106,0.108309,0.0577782
0.991065,-0.0516077,0.105733,0.0628306
0.990893,-0.053785,0.103187,0.0677563
0.990638,-0.0568212,0.100741,0.0725132
0.990308,-0.0608143,0.0983255,0.0769678
0.989926,-0.0653874,0.0958607,0.0811242
0.989524,-0.0704787,0.0932135,0.0847702
0.989122,-0.0757814,0.0903108,0.0879741
0.988773,-0.081095,0.0868887,0.0905626
0.988482,-0.086215,0.0829533,0.092678
0.988311,-0.0908349,0.0781846,0.0942229
0.988236,-0.0948968,0.0726766,0.0954025
0.988314,-0.0980786,0.0660547,0.0961872
0.988491,-0.100514,0.0585104,0.0967403
0.988802,-0.101889,0.0496161,0.0970997
0.989167,-0.102424,0.0396433,0.097397
0.989584,-0.101856,0.0281428,0.0977578
0.989952,-0.100489,0.0154507,0.0982741
0.99022,-0.0982067,0.00114965,0.0990852
0.990286,-0.0954018,-0.0143609,0.100131
0.990058,-0.0922408,-0.0314124,0.101438
0.989461,-0.089066,-0.0495591,0.10285
0.988396,-0.0861616,-0.0690854,0.104291
0.98682,-0.0835656,-0.089605,0.105711
0.984627,-0.0814883,-0.111388,0.107059
0.981812,-0.0798015,-0.133987,0.10828
0.978295,-0.0786973,-0.1575,0.109264
0.974089,-0.0780227,-0.181574,0.109974
0.969139,-0.0779771,-0.20621,0.1103
0.963466,-0.0783474,-0.231134,0.11033
0.957015,-0.0791071,-0.256418,0.110062
0.949802,-0.0800062,-0.281883,0.109621
0.941767,-0.0808946,-0.307622,0.109084
0.932937,-0.08165,-0.333445,0.108519
0.923289,-0.0821228,-0.359343,0.108006
0.912877,-0.0822986,-0.38512,0.107543
0.90176,-0.0820135,-0.410627,0.107185
0.890016,-0.0813164,-0.435704,0.106871
0.877775,-0.0800243,-0.460149,0.10663
0.865063,-0.0782067,-0.483957,0.106462
0.852007,-0.0755487,-0.506987,0.106492
0.838574,-0.0721505,-0.529338,0.106719
0.824878,-0.0676845,-0.55089,0.107305
0.810861,-0.0623941,-0.57176,0.108173
0.796623,-0.0560581,-0.591841,0.109424
0.782134,-0.0490195,-0.611202,0.110887
0.767562,-0.0412338,-0.629669,0.11254
0.752878,-0.0330477,-0.647328,0.114232
0.738276,-0.0245382,-0.664013,0.115902
0.723677,-0.0159108,-0.679875,0.117507
0.70926,-0.00726743,-0.694781,0.119064
0.69492,0.00127996,-0.708902,0.120588
0.680849,0.00955792,-0.722103,0.12215
0.666984,0.0175332,-0.734513,0.123757
0.653612,0.0249775,-0.745929,0.125526
0.640672,0.0319292,-0.756484,0.127479
0.628445,0.038143,-0.766012,0.129725
0.61677,0.0437782,-0.774728,0.132194
0.605969,0.0486265,-0.782446,0.134965
0.595844,0.0528633,-0.789396,0.137944
0.586733,0.0562411,-0.795392,0.141184
0.578427,0.0589434,-0.800649,0.144597
0.571323,0.0607204,-0.80495,0.148187
0.565168,0.0618113,-0.80852,0.151854
0.560367,0.0620412,-0.811133,0.155573
0.556605,0.0616942,-0.813026,0.159288
0.554289,0.0606417,-0.813964,0.162936
0.553074,0.0591217,-0.814187,0.166472
0.553387,0.0570366,-0.813445,0.169757
0.554867,0.0545837,-0.811969,0.172768
0.557917,0.0516967,-0.809523,0.175298
0.562143,0.0485273,-0.806336,0.177377
0.567995,0.045011,-0.802132,0.178719
0.575094,0.0412529,-0.797107,0.179404
0.583897,0.0372006,-0.79094,0.179151
0.593919,0.0329517,-0.783847,0.178207
0.605533,0.0284905,-0.775507,0.176373
0.618238,0.0239205,-0.766135,0.173919
0.632329,0.0192828,-0.755403,0.170747
0.647301,0.0146553,-0.743548,0.167103
0.663379,0.0101337,-0.730256,0.162946
0.680073,0.00576158,-0.715785,0.158493
0.697524,0.00161516,-0.699865,0.153775
0.715295,-0.00235155,-0.682767,0.148916
0.733497,-0.00607693,-0.664246,0.143954
0.751753,-0.00965155,-0.644578,0.138904
0.77012,-0.0130436,-0.62357,0.13381
0.788301,-0.0163158,-0.601462,0.128681
0.806289,-0.0194228,-0.578147,0.123561
0.823811,-0.0223962,-0.553898,0.118451
0.840772,-0.0252019,-0.528772,0.113432
0.857032,-0.0278952,-0.502949,0.108447
0.872572,-0.0304886,-0.47643,0.103458
0.88731,-0.033064,-0.449339,0.0983961
0.901213,-0.0357048,-0.421732,0.0931757
0.914233,-0.0384014,-0.393696,0.0877853
0.926338,-0.0411784,-0.365311,0.0821536
0.937498,-0.0439747,-0.336658,0.0763303
0.947673,-0.0467848,-0.307877,0.0702819
0.956859,-0.0495773,-0.279029,0.0640739
0.965028,-0.0523649,-0.250297,0.0577053
0.972209,-0.0551697,-0.221677,0.0512371
0.97839,-0.0580004,-0.193362,0.0447201
0.983628,-0.0608539,-0.165267,0.0382084
0.987914,-0.0637606,-0.137646,0.0318364
0.991309,-0.0667031,-0.110451,0.0256532
0.993825,-0.0696671,-0.0840423,0.0198674
0.99555,-0.0725678,-0.0583448,0.014476
0.996538,-0.0753272,-0.033809,0.00970766
0.996888,-0.0779641,-0.0102963,0.00547454
0.996692,-0.0804085,0.0116148,0.00204863
0.996054,-0.0826962,0.032208,-0.000736202
0.9951,-0.0847568,0.050856,-0.00259244
0.993914,-0.0866304,0.0679515,-0.00370684
0.992642,-0.0882174,0.0828632,-0.00375722
0.99134,-0.0895381,0.0960126,-0.002983
0.990173,-0.0904301,0.106675,-0.00109836
0.989151,-0.0908871,0.115397,0.00158206
0.988425,-0.090662,0.121523,0.00525793
0.987936,-0.0898691,0.125755,0.00959767
0.987772,-0.0883369,0.127624,0.0146785
0.987821,-0.0862977,0.127887,0.0202039
0.988111,-0.0836826,0.126285,0.0261802
0.988523,-0.0807896,0.123478,0.0323741
0.989043,-0.0778331,0.119337,0.0386554
0.989572,-0.0751176,0.114457,0.0447659
0.990092,-0.0730067,0.108856,0.050386
0.99059,-0.0713713,0.10272,0.0555485
0.991078,-0.0704319,0.0959095,0.0600465
0.991537,-0.0700424,0.0885976,0.0640256
0.99198,-0.0703655,0.0806032,0.0672829
0.992388,-0.0712224,0.0720541,0.0700087
0.992766,-0.0727545,0.062714,0.0720387
0.993088,-0.0747369,0.0527017,0.0735786
0.993354,-0.0771684,0.0416919,0.0745314
0.993528,-0.0797982,0.0298487,0.0751165
0.993598,-0.0824997,0.0167728,0.0753333
0.993514,-0.0851055,0.00268257,0.0753663
0.993241,-0.0874236,-0.0128458,0.075268
0.992715,-0.0894123,-0.0295193,0.0751726
0.99187,-0.0909062,-0.0477778,0.0751543
0.99063,-0.0920118,-0.0672573,0.0752524
0.988885,-0.0926401,-0.0884027,0.0755624
0.986559,-0.0929456,-0.110817,0.0760374
0.983497,-0.0929177,-0.134948,0.0767344
0.979641,-0.0926769,-0.160317,0.0775479
0.974799,-0.0922605,-0.187354,0.0784431
0.968957,-0.091689,-0.215473,0.0792829
0.96196,-0.0910195,-0.244861,0.0799505
0.953823,-0.0902777,-0.274966,0.0804026
0.944422,-0.0894908,-0.305905,0.0805021
0.933795,-0.0886333,-0.33723,0.0802882
0.921868,-0.087656,-0.368954,0.0796783
0.908713,-0.0865083,-0.400694,0.0787485
0.894338,-0.0850874,-0.432348,0.0774318
0.878858,-0.0833767,-0.463585,0.0757988
0.862393,-0.0812927,-0.494187,0.0738243
0.845057,-0.0789029,-0.52395,0.0716124
0.827072,-0.0761278,-0.552598,0.0692204
0.80849,-0.0730058,-0.580133,0.0667755
0.789588,-0.0694271,-0.606281,0.0644544
0.770351,-0.065452,-0.63118,0.0623429
0.751103,-0.0609303,-0.654554,0.0607478
0.731779,-0.0559644,-0.676615,0.0596656
0.712758,-0.0504593,-0.697062,0.0594535
0.69393,-0.0446062,-0.716153,0.0599679
0.675687,-0.0383636,-0.733613,0.0615521
0.657832,-0.0318614,-0.749763,0.0640085
0.640677,-0.025047,-0.764406,0.0677425
0.623949,-0.0180443,-0.777887,0.0724829
0.607918,-0.0109107,-0.790029,0.0785527
0.592381,-0.00376073,-0.801097,0.0855192
0.577819,0.00326024,-0.810782,0.0935289
0.563955,0.0100818,-0.819416,0.102037
0.55124,0.0164912,-0.82678,0.110891
0.53944,0.0225162,-0.833164,0.119731
0.528985,0.0279713,-0.838407,0.128321
0.519519,0.0329961,-0.842827,0.136581
0.511382,0.037482,-0.846332,0.14424
0.504218,0.0415687,-0.849195,0.151339
0.498355,0.0451539,-0.851339,0.157563
0.49346,0.0483707,-0.852976,0.163062
0.489867,0.0511073,-0.854024,0.167514
0.487243,0.0534809,-0.854661,0.171139
0.485888,0.0553485,-0.854811,0.17363
0.485445,0.0568083,-0.854631,0.175279
0.486163,0.0576465,-0.854056,0.175812
0.487706,0.0579918,-0.853204,0.175566
0.490308,0.0576436,-0.851985,0.174346
0.49366,0.0567881,-0.850489,0.172464
0.497958,0.0553158,-0.848612,0.169814
0.502937,0.0534445,-0.846416,0.166671
0.508838,0.0511176,-0.843748,0.162973
0.51544,0.0484894,-0.840663,0.15892
0.523,0.0455545,-0.836971,0.154515
0.531241,0.0424344,-0.832763,0.149959
0.540361,0.0391335,-0.827867,0.14531
0.550016,0.0357617,-0.822447,0.140656
0.560385,0.0322658,-0.816314,0.13623
0.571264,0.0287496,-0.809571,0.132009
0.582819,0.0252524,-0.802042,0.128113
0.594819,0.0217913,-0.793862,0.124492
0.607435,0.0183752,-0.784847,0.121249
0.620465,0.014996,-0.775122,0.118253
0.634082,0.0116242,-0.764492,0.11557
0.648058,0.00825726,-0.753106,0.11307
0.662514,0.00489201,-0.740792,0.110811
0.677231,0.0015343,-0.727697,0.108687
0.692294,-0.00179914,-0.713675,0.106744
0.70747,-0.00512671,-0.698897,0.104895
0.722819,-0.00841887,-0.683246,0.103134
0.738154,-0.011703,-0.66687,0.101374
0.753531,-0.0149837,-0.649655,0.0995708
0.768781,-0.018284,-0.631745,0.0976714
0.783945,-0.0216124,-0.613048,0.0955784
0.798884,-0.024965,-0.593678,0.0933116
0.813631,-0.0283357,-0.57355,0.0907834
0.828046,-0.0317242,-0.552796,0.0880345
0.842137,-0.0351531,-0.531363,0.0849916
0.855803,-0.038625,-0.509352,0.0816642
0.869072,-0.0421931,-0.486682,0.0779353
0.881861,-0.0458377,-0.463428,0.0738635
0.894166,-0.0495949,-0.43954,0.0693685
0.905892,-0.0534225,-0.415135,0.0645639
0.917019,-0.0573177,-0.390207,0.0594022
0.927462,-0.061234,-0.364893,0.0540065
0.937192,-0.0651386,-0.339248,0.04836
0.946174,-0.0689885,-0.313345,0.0425404
0.954386,-0.0727375,-0.287264,0.0365483
0.961828,-0.0763439,-0.26102,0.0304372
0.968474,-0.0797658,-0.234749,0.0242555
0.974323,-0.082998,-0.208515,0.0180744
0.979359,-0.0859712,-0.18254,0.0119665
0.983605,-0.0887136,-0.156892,0.00600732
0.987065,-0.0911122,-0.131914,0.000321202
0.989808,-0.0931931,-0.107556,-0.00511608
0.991872,-0.0948319,-0.0842225,-0.0101578
0.993341,-0.0961162,-0.061763,-0.0148696
0.994275,-0.0969455,-0.0406644,-0.0191068
0.994762,-0.097432,-0.0207112,-0.0229331
0.99489,-0.0974828,-0.00243092,-0.0261683
0.99474,-0.097196,0.0144947,-0.0289153
0.994415,-0.0964852,0.0295057,-0.0309561
0.993975,-0.0954624,0.0429948,-0.0324337
0.993533,-0.0940277,0.0543664,-0.0330989
0.993115,-0.0922888,0.0640856,-0.0331328
0.992827,-0.0901985,0.0715202,-0.0322957
0.992657,-0.0878522,0.0772292,-0.0308049
0.992684,-0.0852166,0.0806594,-0.0284795
0.992855,-0.0824152,0.0824198,-0.0255733
0.993213,-0.0794896,0.0820301,-0.0219401
0.993686,-0.0765203,0.0800897,-0.0178201
0.994249,-0.0735801,0.0766715,-0.0132673
0.9949,-0.0707898,0.0713838,-0.00823788
0.995581,-0.0682875,0.0643913,-0.00288499
0.996219,-0.0661349,0.0562694,0.00260692
0.996777,-0.0646135,0.046872,0.00804812
0.997211,-0.0636282,0.0366556,0.0133279
0.997502,-0.0631781,0.0256765,0.0184067
0.997624,-0.0634036,0.013694,0.023196
0.997557,-0.0641179,0.000622306,0.0277161
0.997274,-0.0651084,-0.0133397,0.0320611
0.996731,-0.0663596,-0.0285723,0.0361503
0.995891,-0.0677674,-0.0447827,0.04003
0.994689,-0.0693563,-0.0623179,0.0435883
0.993087,-0.0710493,-0.0808222,0.0468818
0.991033,-0.0728309,-0.100291,0.0499106
0.988436,-0.0746518,-0.121051,0.0526199
0.985219,-0.0764161,-0.143088,0.055049
0.981354,-0.0780506,-0.16604,0.0572994
0.976773,-0.0795183,-0.189905,0.0594002
0.971347,-0.0807336,-0.214949,0.0613529
0.965035,-0.0817681,-0.240892,0.0631898
0.957706,-0.0824801,-0.267928,0.0648873
0.949374,-0.0829175,-0.295632,0.0664548
0.939906,-0.0831079,-0.324141,0.0678349
0.929327,-0.083118,-0.353095,0.0690384
0.917513,-0.0828999,-0.382616,0.070023
0.904498,-0.0824394,-0.412397,0.070825
0.890177,-0.0816247,-0.442515,0.0714346
0.874618,-0.0804732,-0.472649,0.0719091
0.857752,-0.0788371,-0.502812,0.0722913
0.839669,-0.0768052,-0.532711,0.0726398
0.820407,-0.0742567,-0.562213,0.0730377
0.800084,-0.0713211,-0.591082,0.0734931
0.778854,-0.0679663,-0.619094,0.0740961
0.75684,-0.0643007,-0.64611,0.0748333
0.734272,-0.0602537,-0.671908,0.0758515
0.711198,-0.0558868,-0.696504,0.0771731
0.687922,-0.0510854,-0.719655,0.0790585
0.664424,-0.0459238,-0.741483,0.0814498
0.641067,-0.0403081,-0.761735,0.0846626
0.617797,-0.034371,-0.780583,0.0885202
0.595053,-0.0280802,-0.797765,0.0932499
0.572744,-0.0216018,-0.813501,0.0985579
0.551404,-0.0149716,-0.827528,0.104534
0.530988,-0.00828487,-0.840056,0.110854
0.511967,-0.00173433,-0.850921,0.117557
0.494014,0.00464369,-0.860493,0.124422
0.477645,0.0107202,-0.868611,0.131358
0.46249,0.0165158,-0.875627,0.138229
0.449102,0.0218588,-0.881388,0.144858
0.437087,0.0268025,-0.88622,0.151163
0.427016,0.031157,-0.889985,0.156885
0.418411,0.0350439,-0.89299,0.162089
0.411754,0.0382731,-0.895128,0.166551
0.406518,0.0409821,-0.896669,0.170435
0.403116,0.0429777,-0.897514,0.173548
0.401029,0.0444339,-0.897885,0.176081
0.400616,0.0451781,-0.897688,0.177827
0.401378,0.0454413,-0.8971,0.179001
0.403633,0.0451333,-0.896012,0.17946
0.406898,0.0444744,-0.894569,0.179449
0.411296,0.0434268,-0.892717,0.178899
0.416389,0.0421714,-0.890592,0.17801
0.422183,0.0407156,-0.888169,0.176803
0.42819,0.0391379,-0.88564,0.175398
0.43451,0.037511,-0.88296,0.173712
0.44094,0.0358628,-0.880196,0.171875
0.447424,0.0342438,-0.877372,0.169877
0.453891,0.0326796,-0.87451,0.167773
0.460278,0.0311863,-0.871642,0.165565
0.466535,0.0297562,-0.868786,0.16331
0.472646,0.0284158,-0.865944,0.161055
0.47866,0.0271403,-0.863091,0.158815
0.484594,0.0259141,-0.860219,0.15659
0.490548,0.0246755,-0.857277,0.154372
0.496671,0.0233441,-0.854183,0.152136
0.503019,0.0218909,-0.850898,0.149881
0.509768,0.020211,-0.847311,0.147624
0.51687,0.0183223,-0.843428,0.145391
0.524558,0.0161139,-0.839082,0.143254
0.532863,0.0136958,-0.834233,0.141155
0.541964,0.0109763,-0.828741,0.139077
0.551726,0.00803448,-0.822659,0.13699
0.562482,0.00477868,-0.815717,0.134897
0.574012,0.00130016,-0.80801,0.132775
0.586648,-0.00245741,-0.799233,0.130629
0.600071,-0.00639062,-0.789539,0.12846
0.614567,-0.0104904,-0.778618,0.126298
0.629773,-0.0146629,-0.766661,0.124104
0.645918,-0.0188638,-0.753378,0.121882
0.662576,-0.0230149,-0.739026,0.119599
0.679891,-0.0270703,-0.723366,0.117294
0.697481,-0.0309928,-0.706644,0.114951
0.715427,-0.0346564,-0.688694,0.112533
0.733371,-0.0380734,-0.669787,0.110016
0.751305,-0.0411316,-0.649868,0.107331
0.768957,-0.0438847,-0.62918,0.104458
0.78628,-0.0462341,-0.60775,0.101321
0.803103,-0.0482626,-0.585751,0.0979392
0.819366,-0.0498616,-0.563267,0.0942518
0.834993,-0.0511165,-0.540388,0.0902994
0.849888,-0.0519795,-0.51729,0.0860216
0.864029,-0.0525737,-0.494012,0.0814981
0.877348,-0.052877,-0.470725,0.0766931
0.889899,-0.0530072,-0.447365,0.0716595
0.901657,-0.0530608,-0.424022,0.0663669
0.912678,-0.0531362,-0.400613,0.0608638
0.922949,-0.0533784,-0.377198,0.0551116
0.93251,-0.0538053,-0.35371,0.0491893
0.941342,-0.0545486,-0.330214,0.0431099
0.949474,-0.0555295,-0.306676,0.0369579
0.956878,-0.0568187,-0.283211,0.0307886
0.963593,-0.058289,-0.259775,0.0246536
0.969594,-0.0599479,-0.236528,0.0186498
0.974925,-0.0616759,-0.213434,0.0127765
0.979574,-0.0634282,-0.190684,0.00711253
0.983591,-0.0651374,-0.168236,0.00161437
0.986975,-0.0667316,-0.146337,-0.0036458
0.989785,-0.0682262,-0.124881,-0.0087164
0.992031,-0.0695764,-0.10417,-0.0135093
0.993777,-0.0707766,-0.0840978,-0.0180587
0.995052,-0.0717329,-0.0650459,-0.0222638
0.995927,-0.072462,-0.0468335,-0.0261635
0.996452,-0.0728751,-0.0299184,-0.0296177
0.996692,-0.0730677,-0.0140615,-0.032691
0.996711,-0.0729918,0.000224741,-0.0351933
0.996569,-0.0727173,0.0132527,-0.037244
0.99634,-0.0721819,0.0245128,-0.0386715
0.996064,-0.0714319,0.034412,-0.039616
0.995815,-0.0703982,0.0424821,-0.0399055
0.995602,-0.0691498,0.049197,-0.0396856
0.995485,-0.0676158,0.05416,-0.0387841
0.995448,-0.0658764,0.0578579,-0.0373561
0.99553,-0.063905,0.0599503,-0.0352508
0.995695,-0.0618027,0.0608862,-0.0326409
0.995958,-0.0596354,0.0603711,-0.0294301
0.996274,-0.0575049,0.0588414,-0.0258463
0.99664,-0.0554842,0.0561312,-0.0218871
0.997014,-0.0536334,0.0526514,-0.0177207
0.997383,-0.0521028,0.0483026,-0.0134056
0.997722,-0.0508378,0.0434183,-0.00906185
0.998016,-0.0500186,0.0379322,-0.0047706
0.998259,-0.0495146,0.0320477,-0.000564844
0.998442,-0.049419,0.0256776,0.00348128
0.998563,-0.0495957,0.0189421,0.00737623
0.998613,-0.050129,0.0117185,0.0110341
0.99859,-0.0509075,0.00411398,0.0144814
0.998485,-0.0519676,-0.00405069,0.0176117
0.998294,-0.0531894,-0.0126785,0.0204971
0.998002,-0.0545312,-0.0220201,0.0230852
0.997599,-0.0558637,-0.0320073,0.0255125
0.997054,-0.0570204,-0.0430794,0.0278541
0.996338,-0.0579486,-0.0551301,0.0302076
0.995384,-0.0584888,-0.068721,0.0326606
0.994144,-0.0586938,-0.0836114,0.0352285
0.992504,-0.0584781,-0.100376,0.0379509
0.990404,-0.0579993,-0.11863,0.0407885
0.987675,-0.0572731,-0.138931,0.0437666
0.984257,-0.0564557,-0.160803,0.0468256
0.979909,-0.0555882,-0.184905,0.0499757
0.974608,-0.0547648,-0.210509,0.0531542
0.968125,-0.0541055,-0.237991,0.0562813
0.960461,-0.0536331,-0.266698,0.0592557
0.951392,-0.0535541,-0.296896,0.0619488
0.940972,-0.05377,-0.327941,0.0643078
0.929041,-0.0543607,-0.359932,0.0661578
0.915689,-0.0551554,-0.39231,0.0675557
0.900844,-0.0561162,-0.425044,0.0683308
0.884611,-0.0571526,-0.457699,0.0686265
0.867014,-0.0581819,-0.490127,0.0683857
0.848204,-0.059104,-0.521978,0.0677869
0.828362,-0.0598582,-0.552959,0.0668521
0.807634,-0.0604396,-0.582879,0.0657675
0.786365,-0.060786,-0.611355,0.06466
0.764627,-0.060876,-0.638425,0.0636676
0.74282,-0.0605023,-0.663762,0.0630759
0.72093,-0.059631,-0.687564,0.0629267
0.699374,-0.0579627,-0.709558,0.0635885
0.678056,-0.0555758,-0.730024,0.0649396
0.657449,-0.0522141,-0.748671,0.0672713
0.637399,-0.0481285,-0.76581,0.0702903
0.618462,-0.0431823,-0.781119,0.0741218
0.600399,-0.0376705,-0.794953,0.0784349
0.5837,-0.0315436,-0.807072,0.0832635
0.567915,-0.02505,-0.817945,0.0883801
0.553377,-0.0181919,-0.827432,0.0938041
0.539676,-0.0111591,-0.835917,0.0993355
0.527199,-0.00397381,-0.84325,0.104766
0.51565,0.00318231,-0.849692,0.110085
0.505358,0.01021,-0.855135,0.115125
0.496004,0.0170456,-0.859835,0.119886
0.487879,0.0235515,-0.863702,0.124254
0.480617,0.0297557,-0.866983,0.128305
0.474486,0.0354639,-0.869595,0.131944
0.469165,0.0407093,-0.87174,0.135266
0.464915,0.0452137,-0.873336,0.138178
0.461472,0.049061,-0.874539,0.140776
0.459086,0.0519509,-0.875273,0.142964
0.457466,0.054087,-0.875677,0.144877
0.456816,0.0552132,-0.875684,0.14645
0.456833,0.0556115,-0.875425,0.147792
0.457673,0.055126,-0.874839,0.148837
0.459109,0.0540709,-0.874009,0.149682
0.461322,0.0523941,-0.872849,0.150237
0.464091,0.0503304,-0.871448,0.150551
0.467542,0.0478533,-0.869744,0.15053
0.471477,0.0451327,-0.867813,0.150244
0.476029,0.0421583,-0.865588,0.149585
0.481041,0.0390474,-0.863122,0.148643
0.486695,0.0358254,-0.860317,0.147305
0.49277,0.0325843,-0.857268,0.145626
0.499472,0.0292941,-0.853836,0.143644
0.506677,0.0260106,-0.850049,0.141485
0.514539,0.0227775,-0.84579,0.139178
0.522882,0.0196071,-0.841121,0.136841
0.531895,0.0165604,-0.835899,0.134481
0.541415,0.0136215,-0.830202,0.132093
0.551646,0.0107866,-0.823856,0.129739
0.562451,0.00802652,-0.81692,0.127379
0.574036,0.00529956,-0.809209,0.125041
0.586227,0.00253518,-0.800795,0.122719
0.599217,-0.000315831,-0.791484,0.120381
0.612748,-0.00326752,-0.78141,0.118017
0.627006,-0.00638851,-0.770355,0.11565
0.641724,-0.00965539,-0.758465,0.113263
0.657061,-0.0131283,-0.745521,0.110893
0.672727,-0.0167605,-0.731694,0.10854
0.688871,-0.0205745,-0.716759,0.106259
0.705232,-0.0244831,-0.700877,0.104016
0.721895,-0.0284372,-0.683877,0.101833
0.738587,-0.0323723,-0.665963,0.0996734
0.755342,-0.0362261,-0.647024,0.0975012
0.771928,-0.0399902,-0.627256,0.0952782
0.78835,-0.0436135,-0.606601,0.0929374
0.804442,-0.0471171,-0.585212,0.0904383
0.820217,-0.0504826,-0.563036,0.0876692
0.835538,-0.0537356,-0.54021,0.0846247
0.850409,-0.0568275,-0.516703,0.0812016
0.864724,-0.0597864,-0.492619,0.077486
0.878446,-0.0625623,-0.468007,0.0734028
0.891499,-0.0651663,-0.44296,0.0690555
0.90385,-0.067574,-0.417543,0.0643914
0.915446,-0.0698311,-0.391843,0.0595063
0.926272,-0.0719351,-0.365917,0.0543216
0.93631,-0.0739217,-0.339803,0.048912
0.945538,-0.0757873,-0.3136,0.0432408
0.953957,-0.0775605,-0.28732,0.0373931
0.961545,-0.0792187,-0.261096,0.0313898
0.968321,-0.0807766,-0.234922,0.0253112
0.974271,-0.0821542,-0.208988,0.0192415
0.979422,-0.083385,-0.183316,0.0132308
0.983764,-0.0843927,-0.158211,0.00740656
0.987365,-0.0851697,-0.133614,0.00175748
0.990246,-0.0855893,-0.109879,-0.00359997
0.992486,-0.0857165,-0.0868881,-0.00870065
0.994122,-0.0854693,-0.0650851,-0.0134062
0.995244,-0.0849257,-0.0442795,-0.0177696
0.995918,-0.0840117,-0.0249153,-0.0216478
0.996224,-0.0828356,-0.00671172,-0.0251326
0.996243,-0.0813503,0.00977259,-0.0280549
0.996042,-0.0796883,0.0248823,-0.0305102
0.995715,-0.0778773,0.0380018,-0.0322931
0.99531,-0.0760164,0.0495548,-0.0335289
0.994919,-0.0741401,0.0590009,-0.0340413
0.994559,-0.0722814,0.0668768,-0.033979
0.994302,-0.0705512,0.072719,-0.033126
0.994131,-0.0689594,0.0771112,-0.0316661
0.99409,-0.0676135,0.0796802,-0.0294001
0.99414,-0.0664904,0.0809949,-0.0265409
0.994294,-0.0657502,0.0808077,-0.0229626
0.994502,-0.0653263,0.0796196,-0.0189329
0.994763,-0.0653518,0.0772499,-0.0144199
0.995034,-0.0657562,0.0740983,-0.00965163
0.995294,-0.0667242,0.0701066,-0.00471047
0.995514,-0.0681427,0.0656316,0.000215296
0.995679,-0.0700955,0.0607092,0.00494336
0.995779,-0.0724272,0.0555838,0.00941635
0.995806,-0.075218,0.0503286,0.0134365
0.995761,-0.07833,0.0450933,0.0170579
0.995644,-0.0817837,0.0400214,0.0200598
0.995468,-0.0854299,0.0351442,0.0225708
0.995245,-0.089211,0.0305474,0.0244192
0.994991,-0.0929667,0.0261502,0.0257968
0.994731,-0.0965498,0.0219646,0.0265615
0.994476,-0.0998689,0.0178788,0.0269019
0.99426,-0.102673,0.0138271,0.0267323
0.994079,-0.104996,0.0096954,0.0262384
0.993972,-0.106518,0.00528995,0.0254258
0.993917,-0.107381,0.0005062,0.0244735
0.993936,-0.107304,-0.0050566,0.0234735
0.993995,-0.106463,-0.0114288,0.0225488
0.994089,-0.104612,-0.0191703,0.0218187
0.994152,-0.102053,-0.0281731,0.0212859
0.994126,-0.0986742,-0.0391292,0.0211089
0.993928,-0.0947464,-0.0517598,0.0212274
0.993435,-0.0902437,-0.0668337,0.021834
0.992552,-0.0853804,-0.0838327,0.0228449
0.991086,-0.0802608,-0.103495,0.0244102
0.988937,-0.0751235,-0.125154,0.0264053
0.985866,-0.0701509,-0.149365,0.0289287
0.981774,-0.065433,-0.175581,0.0317712
0.976424,-0.0613056,-0.204002,0.0349534
0.969808,-0.0577734,-0.23382,0.0382491
0.961718,-0.0551812,-0.265203,0.041478
0.952209,-0.0533522,-0.297441,0.044494
0.941108,-0.0524776,-0.330668,0.0471277
0.928481,-0.052219,-0.364353,0.0494237
0.914186,-0.0526386,-0.398577,0.0512748
0.898316,-0.0534007,-0.432884,0.0527954
0.880792,-0.0545078,-0.467258,0.0538876
0.86176,-0.0557178,-0.501281,0.0546086
0.841264,-0.0569308,-0.53481,0.0548748
0.819461,-0.0579798,-0.567553,0.0548181
0.796524,-0.0586501,-0.59929,0.0544273
0.772601,-0.058857,-0.629858,0.053872
0.748041,-0.0582325,-0.658945,0.0532538
0.722945,-0.056833,-0.686546,0.0526796
0.69775,-0.0542755,-0.712364,0.0523243
0.672455,-0.0507385,-0.736546,0.052239
0.647544,-0.0458455,-0.758821,0.0526738
0.6229,-0.0399055,-0.779444,0.053572
0.599001,-0.0326369,-0.798176,0.0552094
0.575643,-0.0244662,-0.815317,0.0573995
0.553306,-0.0153073,-0.830648,0.0603538
0.531674,-0.00559782,-0.844522,0.0638281
0.511178,0.00455352,-0.856775,0.0679213
0.491509,0.0148508,-0.867732,0.0723789
0.473122,0.0250038,-0.877245,0.0772778
0.455679,0.0348513,-0.885638,0.0823884
0.439662,0.0441385,-0.892795,0.0875558
0.424764,0.0528942,-0.899,0.0926143
0.411539,0.0608605,-0.904127,0.0973991
0.399587,0.0681983,-0.908459,0.101889
0.389428,0.0746503,-0.911896,0.105918
0.380603,0.0804214,-0.914696,0.109563
0.373584,0.0852458,-0.916774,0.112666
0.367904,0.0893351,-0.918347,0.115346
0.363995,0.09242,-0.919337,0.117412
0.361387,0.0947413,-0.919919,0.119051
0.360481,0.0960312,-0.920003,0.120107
0.36079,0.0965519,-0.919744,0.120741
0.362542,0.0960982,-0.919092,0.120824
0.36528,0.0949868,-0.918161,0.120535
0.369196,0.0930939,-0.916888,0.11977
0.373906,0.0907014,-0.915363,0.118651
0.37954,0.08774,-0.913536,0.117061
0.385776,0.0844552,-0.911473,0.115159
0.392753,0.0808818,-0.909095,0.112918
0.400056,0.0771392,-0.906536,0.110439
0.407841,0.0732771,-0.903698,0.107822
0.415889,0.0693703,-0.900644,0.105187
0.424226,0.0655386,-0.897332,0.102622
0.432705,0.0618191,-0.893818,0.100167
0.441319,0.0583229,-0.890082,0.0979295
0.450003,0.0550477,-0.886158,0.0958667
0.458755,0.0521034,-0.882032,0.0940652
0.467551,0.049434,-0.877727,0.0924469
0.476432,0.0471331,-0.873213,0.0910489
0.485382,0.0451205,-0.868506,0.0898097
0.494447,0.043463,-0.863571,0.0887617
0.503592,0.0420387,-0.858435,0.0878469
0.512871,0.0408673,-0.853057,0.0871038
0.522261,0.039827,-0.847454,0.0864816
0.531854,0.0389144,-0.841563,0.0859582
0.541673,0.0380598,-0.835369,0.0854437
0.551852,0.0371006,-0.828762,0.0850659
0.56228,0.0359906,-0.821806,0.0847386
0.573139,0.0345902,-0.814369,0.0843721
0.584342,0.0328946,-0.806486,0.0839153
0.596106,0.0307081,-0.797985,0.0832781
0.608279,0.0280788,-0.788929,0.0824626
0.621045,0.0248081,-0.779141,0.0814099
0.634217,0.0210292,-0.768701,0.080157
0.647968,0.016591,-0.757414,0.0786554
0.662075,0.0116894,-0.745385,0.0769505
0.676697,0.00625556,-0.732405,0.0750014
0.691587,0.000509196,-0.718609,0.072857
0.706875,-0.00558289,-0.703794,0.0704993
0.722327,-0.0118618,-0.688099,0.0679941
0.73806,-0.0182829,-0.671317,0.0653218
0.753829,-0.0247308,-0.653621,0.0625235
0.769708,-0.0310987,-0.634849,0.0595749
0.785459,-0.0373405,-0.615194,0.056531
0.801111,-0.0433405,-0.594553,0.053375
0.816478,-0.0490797,-0.573096,0.0501512
0.831574,-0.0544234,-0.550748,0.0468847
0.846261,-0.059427,-0.527646,0.0435988
0.860546,-0.0639702,-0.50373,0.040298
0.874299,-0.0681731,-0.479151,0.0369898
0.887509,-0.0719524,-0.453891,0.0336704
0.900082,-0.0753954,-0.428073,0.0303429
0.911996,-0.0783927,-0.401732,0.0270009
0.923171,-0.0810548,-0.375001,0.0236483
0.933553,-0.0833002,-0.348036,0.0202889
0.943116,-0.0852015,-0.320915,0.0169179
0.951822,-0.0866716,-0.293835,0.0135626
0.959678,-0.0878434,-0.266829,0.0102063
0.966658,-0.0886221,-0.240147,0.00686935
0.97281,-0.08911,-0.213745,0.00357046
0.978128,-0.0892158,-0.187898,0.000334705
0.982674,-0.0890457,-0.162527,-0.00281918
0.986456,-0.088524,-0.137964,-0.00580048
0.989556,-0.0877296,-0.114055,-0.00861367
0.991999,-0.0866283,-0.0911519,-0.0111627
0.993865,-0.0852931,-0.069104,-0.0134558
0.995203,-0.083702,-0.0482469,-0.0153868
0.996089,-0.0819429,-0.0283286,-0.0170102
0.996579,-0.0800305,-0.00973453,-0.0181871
0.996738,-0.0780493,0.00782307,-0.0190024
0.996628,-0.0760514,0.0240036,-0.0193008
0.996298,-0.0741012,0.0391426,-0.0191792
0.995814,-0.0722587,0.0528568,-0.0184404
0.995211,-0.0705031,0.065491,-0.0171984
0.99456,-0.0688519,0.0766501,-0.0152881
0.993876,-0.0673186,0.0866738,-0.0128749
0.993216,-0.06601,0.095224,-0.00981642
0.99257,-0.0649026,0.102724,-0.00632377
0.991977,-0.064098,0.10894,-0.00234676
0.991415,-0.0635618,0.114247,0.00192234
0.990911,-0.0634252,0.118451,0.00649161
0.990443,-0.0636161,0.121865,0.0111949
0.990037,-0.0642228,0.124286,0.015947
0.98968,-0.0651,0.125976,0.0206401
0.989402,-0.0662757,0.126726,0.0251255
0.989186,-0.0676095,0.126798,0.0293669
0.989061,-0.0690893,0.126033,0.0331869
0.988998,-0.0706492,0.124699,0.036636
0.98902,-0.0722643,0.122693,0.0395534
0.989094,-0.0739012,0.120261,0.0420569
0.989226,-0.0756034,0.117388,0.0440044
0.989388,-0.077347,0.114254,0.0455606
0.989579,-0.0791641,0.110871,0.0466257
0.989784,-0.0810103,0.107339,0.047375
0.990002,-0.0828477,0.10369,0.0477642
0.990221,-0.0846571,0.0999868,0.0479387
0.990443,-0.0863861,0.0962572,0.0479061
0.990657,-0.0880686,0.0925242,0.0477692
0.990863,-0.0896708,0.0888121,0.0475691
0.991056,-0.0912159,0.0851133,0.0473739
0.99124,-0.0926504,0.0813978,0.0472536
0.991422,-0.0939417,0.0776181,0.0472594
0.991613,-0.0949892,0.0736501,0.0475043
0.991812,-0.0958245,0.0694673,0.047978
0.992031,-0.0963294,0.0649054,0.0488046
0.992263,-0.0965774,0.0599591,0.0499221
0.992516,-0.0964717,0.054395,0.0514418
0.992772,-0.0960982,0.048268,0.0532799
0.993034,-0.095372,0.041295,0.0555251
0.993279,-0.0943331,0.0336046,0.0580515
0.993499,-0.0928958,0.0248094,0.0609517
0.993654,-0.0911715,0.0150832,0.0641265
0.993717,-0.0890909,0.00396754,0.0676327
0.993631,-0.0868029,-0.00830175,0.0713737
0.99334,-0.0842642,-0.0221971,0.0753782
0.992784,-0.0816326,-0.03738,0.0794965
0.991864,-0.0790116,-0.0543636,0.0837081
0.990524,-0.0764531,-0.072725,0.087911
0.98863,-0.074114,-0.0929874,0.0920352
0.986129,-0.0719744,-0.114671,0.0960166
0.982865,-0.0702166,-0.138214,0.0997174
0.978803,-0.0687777,-0.163054,0.103093
0.973791,-0.0678291,-0.189507,0.105908
0.967829,-0.0672254,-0.216992,0.108177
0.960783,-0.0670403,-0.245728,0.109638
0.952609,-0.0671444,-0.275381,0.110424
0.943207,-0.0675841,-0.305955,0.110379
0.93259,-0.0681382,-0.337035,0.109734
0.920635,-0.0687137,-0.368736,0.10837
0.907391,-0.0691875,-0.400643,0.106489
0.892809,-0.0694248,-0.432727,0.104015
0.876979,-0.069457,-0.464613,0.101089
0.859963,-0.0692026,-0.496123,0.0976556
0.841864,-0.0686959,-0.527007,0.0938575
0.822828,-0.067858,-0.557047,0.0897081
0.802951,-0.0667031,-0.586119,0.0853536
0.78243,-0.0650826,-0.614018,0.0809319
0.761284,-0.0630177,-0.640789,0.0765826
0.739741,-0.0603126,-0.666243,0.0725658
0.717776,-0.0570717,-0.690499,0.0689338
0.695672,-0.0530936,-0.713342,0.0660608
0.673378,-0.048538,-0.734932,0.063877
0.651211,-0.0432612,-0.755058,0.0627718
0.629055,-0.0374311,-0.773936,0.0625429
0.607204,-0.0308828,-0.791397,0.0635689
0.585506,-0.0238029,-0.807665,0.0655243
0.564248,-0.0160777,-0.822587,0.0686793
0.543283,-0.00790327,-0.836366,0.0726172
0.522936,0.000749523,-0.848852,0.077384
0.503046,0.00966765,-0.860255,0.0825416
0.483986,0.018832,-0.870445,0.0879074
0.465577,0.0281185,-0.879642,0.0931484
0.448189,0.0374981,-0.887763,0.0979666
0.431573,0.0468547,-0.895033,0.1023
0.416051,0.0561093,-0.901402,0.105958
0.401305,0.065204,-0.907085,0.109081
0.387637,0.0739745,-0.912048,0.111503
0.374788,0.0823566,-0.916456,0.1134
0.363141,0.0900455,-0.92026,0.114637
0.352463,0.0970371,-0.923603,0.115369
0.343252,0.1029,-0.926422,0.115466
0.335223,0.107806,-0.928847,0.115094
0.328842,0.111353,-0.930823,0.114155
0.323707,0.113869,-0.932476,0.112854
0.320273,0.11503,-0.933724,0.111142
0.318095,0.115219,-0.934677,0.109178
0.317601,0.114196,-0.935227,0.106958
0.31834,0.112359,-0.935463,0.104613
0.32065,0.109593,-0.935269,0.102198
0.324061,0.106265,-0.934734,0.099823
0.328846,0.102354,-0.933737,0.0975642
0.334583,0.0981536,-0.932365,0.0954719
0.341491,0.0937478,-0.930479,0.0938301
0.349069,0.0893316,-0.928235,0.0924719
0.357562,0.084985,-0.925492,0.0916057
0.366646,0.0807715,-0.922355,0.0911539
0.376432,0.0768098,-0.918732,0.0912729
0.386689,0.0730671,-0.914719,0.0917725
0.397522,0.0696669,-0.910232,0.0927416
0.408716,0.0665333,-0.905364,0.094024
0.420338,0.0637564,-0.900052,0.0956971
0.432204,0.0612492,-0.89438,0.0976336
0.444382,0.0591261,-0.888285,0.0998922
0.456718,0.0572741,-0.881843,0.102377
0.469274,0.0557635,-0.875001,0.105101
0.481936,0.0544901,-0.867819,0.107974
0.494764,0.0534812,-0.86025,0.110985
0.507679,0.0526375,-0.85234,0.114049
0.520737,0.0519783,-0.844045,0.117126
0.533847,0.0514181,-0.835419,0.120162
0.547053,0.0509596,-0.826428,0.123098
0.560321,0.0505522,-0.817084,0.125935
0.573627,0.0500892,-0.807395,0.128672
0.586887,0.0495485,-0.797423,0.131247
0.600113,0.0487979,-0.787175,0.133559
0.613263,0.0478272,-0.776683,0.135591
0.626387,0.0464697,-0.765934,0.137205
0.639461,0.044761,-0.754926,0.138468
0.652519,0.0425115,-0.743658,0.139229
0.665525,0.0398153,-0.732126,0.139581
0.678523,0.036491,-0.720308,0.139397
0.691449,0.0327179,-0.708213,0.138789
0.704339,0.0283665,-0.695808,0.137671
0.717147,0.0236333,-0.68308,0.136174
0.729927,0.0184656,-0.669963,0.134219
0.742623,0.0130281,-0.656456,0.131935
0.75535,0.00732891,-0.642413,0.12922
0.768035,0.00150788,-0.627851,0.126191
0.780741,-0.00437145,-0.612647,0.122836
0.793345,-0.0102057,-0.596887,0.119274
0.805879,-0.0158818,-0.580486,0.115515
0.818227,-0.0213893,-0.563548,0.111627
0.830417,-0.0266245,-0.546002,0.107616
0.84236,-0.0316141,-0.527937,0.103505
0.854094,-0.0362316,-0.50927,0.0992734
0.865522,-0.0405402,-0.490116,0.0949435
0.876601,-0.0445012,-0.470525,0.0905292
0.887312,-0.0479873,-0.450516,0.0860754
0.897584,-0.0510993,-0.430197,0.0816218
0.907395,-0.0537406,-0.409614,0.0772196
0.916728,-0.0559491,-0.388801,0.0728894
0.925575,-0.0578661,-0.367771,0.0686126
0.933923,-0.059553,-0.346545,0.0643956
0.941764,-0.0610609,-0.325146,0.0602709
0.949095,-0.0624934,-0.30357,0.0561935
0.955904,-0.0639038,-0.281852,0.0521875
0.962168,-0.0653564,-0.260065,0.0482493
0.967885,-0.0668262,-0.238253,0.0443612
0.973037,-0.0683278,-0.216526,0.040569
0.977637,-0.0698342,-0.194911,0.0368524
0.981686,-0.0713128,-0.173499,0.0332387
0.98517,-0.0727468,-0.152511,0.0297889
0.988131,-0.0741323,-0.131911,0.0264803
0.990572,-0.0754367,-0.111938,0.0233706
0.992549,-0.0766735,-0.09247,0.020415
0.994078,-0.0778115,-0.0737672,0.0176864
0.995213,-0.0788759,-0.0556797,0.0151612
0.99598,-0.0798331,-0.0385039,0.0129395
0.996435,-0.0806836,-0.0220502,0.0109797
0.996617,-0.0813774,-0.00662011,0.00943286
0.996575,-0.0818998,0.0079822,0.00823485
0.996361,-0.0821647,0.0213737,0.00754925
0.996015,-0.0822222,0.0337871,0.00727221
0.995594,-0.0820064,0.0448467,0.00755698
0.99512,-0.0816036,0.0548615,0.00824396
0.994645,-0.0809941,0.0634902,0.00945117
0.994175,-0.0802588,0.0710862,0.0110125
0.993753,-0.0793979,0.0773464,0.0130012
0.993369,-0.0784618,0.0826347,0.0152655
0.993061,-0.0774497,0.0866689,0.017861
0.992812,-0.0763917,0.0897919,0.0206649
0.992651,-0.0752656,0.0917396,0.0237117
0.992555,-0.074089,0.0928501,0.0268966
0.992547,-0.0728484,0.0928993,0.0302138
0.992596,-0.0715816,0.0921986,0.0335925
0.992713,-0.0703434,0.0905829,0.036981
0.992866,-0.0691865,0.088352,0.0403117
0.993066,-0.068301,0.0852862,0.0433698
0.99327,-0.0675393,0.0819276,0.0462824
0.993497,-0.0670243,0.0779963,0.0488777
0.993739,-0.066659,0.0736002,0.0512155
0.994008,-0.066443,0.0685321,0.0532632
0.99429,-0.0663001,0.0628924,0.055105
0.994595,-0.0662242,0.0564142,0.0566886
0.994897,-0.066182,0.0492434,0.0580888
0.995201,-0.066169,0.0410241,0.0592699
0.995472,-0.0661663,0.0319337,0.0603142
0.995697,-0.0661309,0.0215492,0.0612348
0.995831,-0.0660401,0.0100996,0.062102
0.995836,-0.0658665,-0.00289295,0.0629527
0.995652,-0.065671,-0.0171198,0.0638077
0.995206,-0.0654695,-0.0330728,0.0646914
0.994433,-0.0652829,-0.0503621,0.065605
0.993228,-0.0651784,-0.0694303,0.0665477
0.991533,-0.065156,-0.0897765,0.0675083
0.989223,-0.0653131,-0.111723,0.0684769
0.986266,-0.0656636,-0.134718,0.06941
0.982553,-0.06633,-0.158928,0.0702328
0.978082,-0.0671969,-0.183876,0.0709197
0.97272,-0.0684928,-0.209828,0.0713853
0.966522,-0.0700524,-0.236207,0.0716565
0.959428,-0.0719365,-0.263039,0.0716427
0.951472,-0.074003,-0.290049,0.0713855
0.94262,-0.0762122,-0.31724,0.0708407
0.932906,-0.0783911,-0.344425,0.0700959
0.922297,-0.0804381,-0.371632,0.0691956
0.910805,-0.0822811,-0.398755,0.0682462
0.898424,-0.0837244,-0.425778,0.0673617
0.885196,-0.0847902,-0.452555,0.0665838
0.871144,-0.0853612,-0.479021,0.0660315
0.856332,-0.0855276,-0.505042,0.0656784
0.840866,-0.0851882,-0.530452,0.0656263
0.824823,-0.0844649,-0.555162,0.0657868
0.808386,-0.0832239,-0.578963,0.0662339
0.79158,-0.0815502,-0.601894,0.0668911
0.774589,-0.0791943,-0.623803,0.0678974
0.757376,-0.0762273,-0.644813,0.0691794
0.740144,-0.0724001,-0.664773,0.070872
0.722827,-0.0678733,-0.683816,0.0728689
0.705667,-0.0624566,-0.701765,0.0752312
0.688586,-0.056416,-0.71876,0.0777865
0.671833,-0.0496679,-0.734635,0.0805225
0.655261,-0.0424764,-0.74959,0.0833232
0.639078,-0.034861,-0.763506,0.0861553
0.623133,-0.0270392,-0.776569,0.0889696
0.607703,-0.0191175,-0.788615,0.0917517
0.59267,-0.0112571,-0.799807,0.0944655
0.57843,-0.00366675,-0.809925,0.0970925
0.564859,0.00352196,-0.819138,0.0996791
0.552311,0.00999473,-0.827284,0.10224
0.540564,0.0158622,-0.834598,0.104812
0.529946,0.0209266,-0.840935,0.10746
0.520124,0.025405,-0.846567,0.110228
0.511367,0.0291423,-0.851371,0.113234
0.503387,0.0323448,-0.855567,0.116448
0.496456,0.0348285,-0.85903,0.119941
0.490316,0.0367765,-0.861952,0.123598
0.485291,0.0380111,-0.864187,0.127393
0.481121,0.0387353,-0.865915,0.131201
0.478107,0.0388272,-0.867005,0.134937
0.475979,0.0385069,-0.867619,0.138559
0.475,0.0377067,-0.867642,0.141952
0.474858,0.0366058,-0.867242,0.145125
0.475823,0.0351697,-0.866295,0.147952
0.477584,0.0335444,-0.864951,0.150494
0.480376,0.0317042,-0.863101,0.15261
0.483918,0.0297453,-0.860875,0.15438
0.488465,0.0276515,-0.85814,0.155667
0.493776,0.0254737,-0.855005,0.156534
0.500167,0.02319,-0.851303,0.156778
0.507392,0.0208328,-0.847127,0.156507
0.515724,0.0183673,-0.842309,0.155588
0.524853,0.015812,-0.836953,0.154237
0.535022,0.0131845,-0.830877,0.152384
0.545858,0.0105716,-0.824244,0.150161
0.557522,0.007939,-0.816885,0.147663
0.56976,0.00532308,-0.808897,0.145022
0.582754,0.00278823,-0.800092,0.142277
0.596229,0.000349559,-0.790604,0.139489
0.610343,-0.0019378,-0.780254,0.136682
0.624824,-0.00408999,-0.769191,0.133879
0.639791,-0.00605959,-0.757255,0.131129
0.655011,-0.00790488,-0.744587,0.128407
0.670582,-0.00961056,-0.731036,0.125758
0.686295,-0.0112569,-0.716736,0.123134
0.702217,-0.0128624,-0.701559,0.120584
0.718136,-0.0144675,-0.685658,0.118091
0.734087,-0.0161175,-0.668935,0.115684
0.749875,-0.0178147,-0.651555,0.113342
0.765481,-0.0195762,-0.633489,0.111121
0.780767,-0.0213578,-0.614874,0.108981
0.795696,-0.0231214,-0.595728,0.106961
0.810183,-0.0248554,-0.576163,0.104983
0.824205,-0.0265343,-0.556206,0.103036
0.837723,-0.0281457,-0.535924,0.101062
0.850725,-0.0296773,-0.515355,0.0989743
0.863193,-0.0311354,-0.494542,0.0967291
0.875123,-0.0324789,-0.473519,0.0942581
0.886528,-0.0337074,-0.452266,0.0915784
0.897396,-0.0348208,-0.430838,0.0885824
0.907719,-0.035893,-0.40924,0.0853314
0.917489,-0.0369466,-0.387518,0.0817205
0.926718,-0.0380401,-0.365641,0.0778092
0.935413,-0.0392267,-0.343605,0.0734739
0.943574,-0.0405417,-0.321391,0.0687975
0.951197,-0.0420953,-0.298993,0.0636791
0.958271,-0.0438274,-0.276409,0.0582554
0.964785,-0.0457788,-0.253649,0.0524931
0.970725,-0.0478638,-0.230726,0.0465527
0.976072,-0.0500935,-0.20769,0.0404818
0.980817,-0.0523844,-0.184585,0.0343823
0.984944,-0.0547125,-0.161514,0.0283638
0.988464,-0.0570262,-0.138505,0.0224515
0.991377,-0.059234,-0.115683,0.0167498
0.993706,-0.0613415,-0.0930587,0.0112356
0.995464,-0.0632515,-0.0708083,0.00601972
0.996686,-0.0649782,-0.0489237,0.00106073
0.997401,-0.066431,-0.027658,-0.00352274
0.997656,-0.0676365,-0.00693638,-0.00778816
0.997502,-0.0684905,0.0128712,-0.0115711
0.996992,-0.0690329,0.0318978,-0.0149633
0.99621,-0.0691236,0.0497154,-0.0177866
0.995205,-0.0688297,0.0665125,-0.020143
0.994086,-0.068022,0.0817852,-0.021864
0.992886,-0.0667989,0.095823,-0.0230965
0.991724,-0.0650766,0.10811,-0.0236798
0.990603,-0.0629988,0.119046,-0.0237836
0.989637,-0.0605044,0.128126,-0.0232532
0.988798,-0.0577573,0.135818,-0.0222596
0.98818,-0.054785,0.141677,-0.0206755
0.987726,-0.0517298,0.146194,-0.0186761
0.987511,-0.0486671,0.148972,-0.0161632
0.987468,-0.0456788,0.150477,-0.0132845
0.987657,-0.0428728,0.150322,-0.00994539
0.988003,-0.0402607,0.148964,-0.00628223
0.988543,-0.0380109,0.146055,-0.0022313
0.989202,-0.0360793,0.142032,0.00207141
0.989995,-0.0346649,0.136616,0.00664723
0.990845,-0.0336905,0.130237,0.0113744
0.99175,-0.0333481,0.122709,0.0162313
0.992637,-0.0335677,0.114456,0.0211093
0.99348,-0.0346964,0.105475,0.0258738
0.99423,-0.0365545,0.0961477,0.0304332
0.994883,-0.0393017,0.0863934,0.0346425
0.995429,-0.0425562,0.0762876,0.0386004
0.995872,-0.0462718,0.0656834,0.0422293
0.996198,-0.0501693,0.0546733,0.0456355
0.99641,-0.0541842,0.0430816,0.0487294
0.996489,-0.0581944,0.0310207,0.0515766
0.996436,-0.0621139,0.0182959,0.0540606
0.996227,-0.0658933,0.00504258,0.0562493
0.995857,-0.0693937,-0.0089843,0.0580663
0.995295,-0.0725974,-0.0236697,0.0596354
0.994513,-0.0753471,-0.0393572,0.0609772
0.993462,-0.0777192,-0.0558886,0.0622071
0.992082,-0.0795749,-0.0736629,0.0633568
0.990318,-0.0810466,-0.0924361,0.0644766
0.988072,-0.0820421,-0.112601,0.0655977
0.985291,-0.0827185,-0.133808,0.0667382
0.981855,-0.0830585,-0.156364,0.0679082
0.977727,-0.083267,-0.179849,0.0690761
0.972783,-0.0834401,-0.204453,0.0702133
0.967025,-0.0836411,-0.229759,0.0712635
0.960366,-0.083956,-0.255823,0.0721369
0.952848,-0.0843579,-0.28225,0.0727922
0.944432,-0.0849042,-0.309018,0.0731235
0.935161,-0.0855221,-0.335868,0.0731588
0.925038,-0.0862491,-0.362723,0.0727887
0.91411,-0.0869948,-0.389405,0.0720965
0.902419,-0.087704,-0.415824,0.0709856
0.890007,-0.0883165,-0.441869,0.0695688
0.876935,-0.0887326,-0.467451,0.0678381
0.863219,-0.0889413,-0.492542,0.0659219
0.848939,-0.0887914,-0.517047,0.0638825
0.834111,-0.0883184,-0.540958,0.0618233
0.818843,-0.0874007,-0.564157,0.059862
0.803148,-0.086122,-0.586658,0.0580426
0.787179,-0.0843859,-0.608305,0.056505
0.770937,-0.0822968,-0.629154,0.0552186
0.754586,-0.0797705,-0.64906,0.054377
0.738078,-0.0768914,-0.668144,0.0539613
0.72157,-0.0735373,-0.686282,0.0542758
0.704976,-0.0698194,-0.70362,0.055251
0.688397,-0.0654949,-0.720101,0.0572248
0.671755,-0.0606681,-0.735842,0.0600113
0.655232,-0.0552951,-0.750688,0.0638794
0.638811,-0.0496823,-0.764695,0.0685063
0.622818,-0.0439726,-0.77762,0.0739708
0.607198,-0.0383209,-0.789592,0.0799114
0.592309,-0.0328576,-0.800401,0.0863049
0.577986,-0.0276105,-0.810265,0.0929509
0.564544,-0.0226162,-0.819035,0.0998061
0.551779,-0.0177457,-0.826951,0.106666
0.539937,-0.0130272,-0.833926,0.113425
0.528779,-0.00840989,-0.840194,0.119984
0.518648,-0.00392223,-0.845622,0.126142
0.509322,0.00046366,-0.850414,0.131864
0.501136,0.00471677,-0.854458,0.136902
0.493766,0.00886458,-0.857975,0.141406
0.487445,0.0129017,-0.860893,0.145237
0.481856,0.0168389,-0.863394,0.148598
0.47718,0.0205627,-0.865428,0.151365
0.47315,0.0240433,-0.867139,0.153694
0.469976,0.0270898,-0.86846,0.155454
0.467449,0.029732,-0.8695,0.156774
0.465768,0.0317438,-0.870196,0.157517
0.464698,0.0332488,-0.870652,0.157849
0.464413,0.0340774,-0.870802,0.157681
0.46469,0.0344245,-0.870733,0.157167
0.465654,0.034167,-0.870391,0.156263
0.467088,0.0335067,-0.869856,0.155103
0.469114,0.0323855,-0.86906,0.153681
0.471568,0.0309954,-0.868057,0.152116
0.474549,0.0292971,-0.866776,0.150481
0.477795,0.02746,-0.865353,0.148736
0.481584,0.0255094,-0.863614,0.146957
0.48578,0.0235205,-0.861617,0.145196
0.490536,0.0215551,-0.859255,0.143493
0.495714,0.0196204,-0.856601,0.141839
0.501498,0.017758,-0.853529,0.14026
0.507737,0.0159549,-0.850116,0.138749
0.514582,0.0142366,-0.846249,0.137351
0.521892,0.0125499,-0.842001,0.136035
0.529862,0.0108904,-0.837229,0.13482
0.538344,0.00923193,-0.83201,0.133644
0.547559,0.00755186,-0.826178,0.132485
0.557418,0.00581242,-0.819762,0.131308
0.568093,0.0038913,-0.812608,0.130094
0.579422,0.00176522,-0.804776,0.128849
0.591695,-0.000664046,-0.796021,0.127463
0.604663,-0.00333147,-0.786455,0.125938
0.618618,-0.00632778,-0.775785,0.124217
0.633219,-0.00953772,-0.76418,0.12236
0.648704,-0.0129884,-0.751347,0.120384
0.664653,-0.0165747,-0.737535,0.118338
